TAG's,,,,,,, PLANTA,SEÇÃO (localização),SISTEMA (função),EQUIPAMENTO,TAG NOVO,TAG ANTIGO
PLANTA,SEÇÃO,SISTEMA,EQUIPAMENTO + SEQ,TIPO,COMPONENTE + SEQ,,ATLÂNTICO SUL,CASA DE MÁQUINAS,AR COMPRIMIDO,Compressor de Ar Atlas Copco,AS-CMA-ACO-CMP-01-ALT,
AS,CM,PR,MTA01,CB,INJ,,ATLÂNTICO SUL,CASA DE MÁQUINAS,AR COMPRIMIDO,Compressor de Ar Motomil,AS-CMA-ACO-CMP-02-ALT,COM02
SIGNIFICADO,,,,,,,ATLÂNTICO SUL,CASA DE MÁQUINAS,AR COMPRIMIDO,Vaso de Pressão,AS-CMA-ACO-VSP-01-ARM,AS01-SPP-VAS01
ATLÂNTICO SUL,CASA MÁQUINAS,PROPULSÃO,MOTOR AUXILIAR 01,COMBUSTÃO,BICO INJETOR 01,,ATLÂNTICO SUL,CASA DE MÁQUINAS,AR COMPRIMIDO,Vaso de Pressão,AS-CMA-ACO-VSP-01-ARM,AS01-SPP-VAS01
,,,,,,,ATLÂNTICO SUL,CASA DE MÁQUINAS,AR COMPRIMIDO,Vaso de Pressão,AS-CMA-ACO-VSP-01-ARM,AS01-SPP-VAS01
,,,,,,,ATLÂNTICO SUL,CASA DE MÁQUINAS,AR COMPRIMIDO,Vaso de Pressão sistema de partida MCP,AS-CMA-ACO-VSP-02-ARM,AS01-SPP-VAS02
,,,,,,,ATLÂNTICO SUL,CASA DE MÁQUINAS,AR COMPRIMIDO,Vaso de Pressão sistema de partida MCP,AS-CMA-ACO-VSP-02-ARM,AS01-SPP-VAS02
Atlantico sul - casa de maquinas - sistema de propulsão - motor auxiliar - combustão,,,,,,,ATLÂNTICO SUL,CASA DE MÁQUINAS,AR COMPRIMIDO,Vaso de Pressão sistema de partida MCP,AS-CMA-ACO-VSP-02-ARM,AS01-SPP-VAS02
AS-CMA-SPP-MTA-CB-01,,,,,,,ATLÂNTICO SUL,CASA DE MÁQUINAS,SISTEMA DE ÓLEO COMBUSTÍVEL,Separadora Centrífuga de Óleo Diesel,AS-CMA-SOC-SEO-01-CTG,
,,,,,,,ATLÂNTICO SUL,CASA DE MÁQUINAS,SISTEMA DE ARMAZENAMENTO E TRANSFERÊNCIA DE ÁGUA,Bomba Auxiliar (bomba água salgada lavagem convés),AS-CMA-SAX-BAS-01-CTG,AS01-SAD-BAU01
,,,,,,,ATLÂNTICO SUL,CASA DE MÁQUINAS,SISTEMA DE ARMAZENAMENTO E TRANSFERÊNCIA DE ÁGUA,Bomba de água doce 1 ,AS-CMA-SAX-BAS-02-CTG,AS01-SAD-BAS01
,,,,,,,ATLÂNTICO SUL,CASA DE MÁQUINAS,SISTEMA DE ARMAZENAMENTO E TRANSFERÊNCIA DE ÁGUA,Bomba de água doce 2,AS-CMA-SAX-BAS-03-CTG,
,,,,,,,ATLÂNTICO SUL,CASA DE MÁQUINAS,SISTEMA DE ARMAZENAMENTO E TRANSFERÊNCIA DE ÁGUA,Bomba de água salgada dos banheiros 1,AS-CMA-SAX-BAS-04-CTG,AS01-SAD-BAS01
,,,,,,,ATLÂNTICO SUL,CASA DE MÁQUINAS,SISTEMA DE ARMAZENAMENTO E TRANSFERÊNCIA DE ÁGUA,Bomba de água salgada dos banheiros 2,AS-CMA-SAX-BAS-05-CTG,
,,,,,,,ATLÂNTICO SUL,CASA DE MÁQUINAS,SISTEMA AUXILIAR,Bomba de esgoto sanitário 1,AS-CMA-SAX-BAS-06-CTG,AS01-SAD-BAU01
,,,,,,,ATLÂNTICO SUL,CASA DE MÁQUINAS,SISTEMA AUXILIAR,Bomba de esgoto sanitário 2,AS-CMA-SAX-BAS-07-ALT,AS01-SAD-BAU01
,,,,,,,ATLÂNTICO SUL,CASA DE MÁQUINAS,SISTEMA AUXILIAR,Câmara fria,AS-CMA-SAX-CAM-01,AS01-SAD-CAF01
,,,,,,,ATLÂNTICO SUL,CASA DE MÁQUINAS,SISTEMA AUXILIAR,Câmara fria,AS-CMA-SAX-CAM-01,
,,,,,,,ATLÂNTICO SUL,CASA DE MÁQUINAS,SISTEMA AUXILIAR,Câmara fria,AS-CMA-SAX-CAM-01,
,,,,,,,ATLÂNTICO SUL,CASA DE MÁQUINAS,SISTEMA AUXILIAR,Válvula de descarga do Banheiro Masculino,AS-CMA-SAX-VAL-01,AS01-SAD-VAL01
,,,,,,,ATLÂNTICO SUL,CASA DE MÁQUINAS,SISTEMA DE ARMAZENAMENTO E TRANSFERÊNCIA DE ÁGUA,Pressurizador Boiler de água doce,AS-CMA-SAX-BOL-01-ARM,
,,,,,,,ATLÂNTICO SUL,CASA DE MÁQUINAS,SISTEMA DE ARMAZENAMENTO E TRANSFERÊNCIA DE ÓLEO DIESEL,Bomba de Transferência de Diesel,AS-CMA-SAO-BTD-01-CTG,
,,,,,,,ATLÂNTICO SUL,CASA DE MÁQUINAS,SISTEMA DE ARMAZENAMENTO E TRANSFERÊNCIA DE ÓLEO DIESEL,Tanque 5,AS-CMA-SAO-TAN-05-ARM,
,,,,,,,ATLÂNTICO SUL,CASA DE MÁQUINAS,SISTEMA DE ARMAZENAMENTO E TRANSFERÊNCIA DE ÓLEO DIESEL,Tanque 6,AS-CMA-SAO-TAN-06-ARM,
,,,,,,,ATLÂNTICO SUL,CASA DE MÁQUINAS,SISTEMA HIDRÁULICO,Vaso de refrigeração do óleo hidráulico TROCADOR DE CALOR,AS-CMA-SHI-VSP-03-ARM,
,,,,,,,ATLÂNTICO SUL,CASA DE MÁQUINAS,SISTEMA DE CLIMATIZAÇÃO,Insufladores,AS-CMA-SDC-INS-01-AXL,AS01-SAD-INS01
,,,,,,,ATLÂNTICO SUL,CASA DE MÁQUINAS,SISTEMA DE CLIMATIZAÇÃO,Insufladores,AS-CMA-SDC-INS-02-AXL,AS01-SAD-INS01
,,,,,,,ATLÂNTICO SUL,CASA DE MÁQUINAS,SISTEMA DE ESGOTO E LASTRO,Bomba de Esgote (esgotamento dos porões) ,AS-CMA-SEL-BES-01-CTG,AS01-SEL-BES01 
,,,,,,,ATLÂNTICO SUL,CASA DE MÁQUINAS,SISTEMA DE ESGOTO E LASTRO,Bomba de Esgote (Separadora água óleo),AS-CMA-SEL-BES-01-CTG,AS01-SEL-BES01 
,,,,,,,ATLÂNTICO SUL,CASA DE MÁQUINAS,SISTEMA DE ESGOTO E LASTRO,Bomba de Lastro,AS-CMA-SEL-BLA-01-CTG,AS01-SEL-BLA01
,,,,,,,ATLÂNTICO SUL,CASA DE MÁQUINAS,SISTEMA DE ESGOTO E LASTRO,Piano de válvula,AS-CMA-SEL-VAE-01,AS01-SEL-PVE01
,,,,,,,ATLÂNTICO SUL,CASA DE MÁQUINAS,SISTEMA DE ESGOTO E LASTRO,Válvula de esgotamento porões 1,AS-CMA-SEL,AS01-SEL-PVE01
,,,,,,,ATLÂNTICO SUL,CASA DE MÁQUINAS,SISTEMA DE ESGOTO E LASTRO,Válvula de esgotamento porões 2,AS-CMA-SEL,AS01-SAD-VAL01
,,,,,,,ATLÂNTICO SUL,CASA DE MÁQUINAS,SISTEMA DE ESGOTO E LASTRO,Válvula de esgotamento porões 3,AS-CMA-SEL,AS01-SAD-VAL01
,,,,,,,ATLÂNTICO SUL,CASA DE MÁQUINAS,SISTEMA DE ESGOTO E LASTRO,Válvula de esgotamento porões 4,AS-CMA-SEL,AS01-SAD-VAL01
,,,,,,,ATLÂNTICO SUL,CASA DE MÁQUINAS,SISTEMA DE ESGOTO E LASTRO,Válvula de esgotamento porões 5,AS-CMA-SEL,AS01-SAD-VAL01
,,,,,,,ATLÂNTICO SUL,CASA DE MÁQUINAS,SISTEMA DE ESGOTO E LASTRO,Válvula de esgotamento porões 6,AS-CMA-SEL,AS01-SAD-VAL01
,,,,,,,ATLÂNTICO SUL,CASA DE MÁQUINAS,SISTEMA DE ESGOTO E LASTRO,Válvula de esgotamento porões 7,AS-CMA-SEL,AS01-SAD-VAL01
,,,,,,,ATLÂNTICO SUL,CASA DE MÁQUINAS,SISTEMA DE ESGOTO E LASTRO,Válvula de esgotamento porões 8,AS-CMA-SEL,AS01-SAD-VAL01
,,,,,,,ATLÂNTICO SUL,CASA DE MÁQUINAS,SISTEMA DE ESGOTO E LASTRO,Válvula de esgotamento porões 9,AS-CMA-SEL,AS01-SAD-VAL01
,,,,,,,ATLÂNTICO SUL,CASA DE MÁQUINAS,SISTEMA DE ESGOTO E LASTRO,Válvula de esgotamento porões 10,AS-CMA-SEL,AS01-SAD-VAL01
,,,,,,,ATLÂNTICO SUL,CASA DE MÁQUINAS,SISTEMA DE ESGOTO E LASTRO,Válvula de esgotamento porões 11,AS-CMA-SEL,AS01-SAD-VAL01
,,,,,,,ATLÂNTICO SUL,CASA DE MÁQUINAS,SISTEMA DE ESGOTO E LASTRO,Válvula de esgotamento porões 12,AS-CMA-SEL,AS01-SAD-VAL01
,,,,,,,ATLÂNTICO SUL,CASA DE MÁQUINAS,SISTEMA DE GOVERNO NÁUTICO,Bomba Hidráulica do Leme,AS-CMA-SGN-BOM-02-HID,
,,,,,,,ATLÂNTICO SUL,CASA DE MÁQUINAS,SISTEMA DE GOVERNO NÁUTICO,Leme,AS-CMA-SGN-LEM-01,
,,,,,,,ATLÂNTICO SUL,CASA DE MÁQUINAS,SISTEMA DE MOVIMENTAÇÃO,Munck,AS-CMA-MOV-GOC-01-HID,AS01-SMC-GOC01
,,,,,,,ATLÂNTICO SUL,CASA DE MÁQUINAS,SISTEMA DE MOVIMENTAÇÃO,Guincho oceanográfico,AS-CMA-MOV-GOC-01-HID,AS01-SMC-GOC01
,,,,,,,ATLÂNTICO SUL,CASA DE MÁQUINAS,SISTEMA DE MOVIMENTAÇÃO,Caixa redutora do guincho,AS-CMA-MOV-CRE-01,
,,,,,,,ATLÂNTICO SUL,CASA DE MÁQUINAS,SISTEMA DE MOVIMENTAÇÃO,Unidade Hidráulica ,AS-CMA-MOV-UHI-01-HID,
,,,,,,,ATLÂNTICO SUL,CASA DE MÁQUINAS,SISTEMA DE MOVIMENTAÇÃO,Unidade Hidráulica ,AS-CMA-MOV-UHI-01-HID,
,,,,,,,ATLÂNTICO SUL,CASA DE MÁQUINAS,SISTEMA DE MOVIMENTAÇÃO,Unidade Hidráulica ,AS-CMA-MOV-UHI-01-HID,
,,,,,,,ATLÂNTICO SUL,CASA DE MÁQUINAS,SISTEMA DE MOVIMENTAÇÃO,Unidade Hidráulica ,AS-CMA-MOV-UHI-01-HID,
,,,,,,,ATLÂNTICO SUL,CASA DE MÁQUINAS,SISTEMA DE MOVIMENTAÇÃO,Unidade Hidráulica ,AS-CMA-MOV-UHI-01-HID,
,,,,,,,ATLÂNTICO SUL,CASA DE MÁQUINAS,SISTEMA DE MOVIMENTAÇÃO,Unidade Hidráulica ,AS-CMA-MOV-UHI-01-HID,
,,,,,,,ATLÂNTICO SUL,CASA DE MÁQUINAS,SISTEMA DE MOVIMENTAÇÃO,Unidade Hidráulica ,AS-CMA-MOV-UHI-01-HID,
,,,,,,,ATLÂNTICO SUL,CASA DE MÁQUINAS,SISTEMA DE PROPULSÃO,Caixa Redutora MTP-01,AS-CMA-SPP-CRE-03,
,,,,,,,ATLÂNTICO SUL,CASA DE MÁQUINAS,SISTEMA DE PROPULSÃO,Eixo propulsor,AS-CMA-SPP,
,,,,,,,ATLÂNTICO SUL,CASA DE MÁQUINAS,SISTEMA DE PROPULSÃO,Hélice,AS-CMA-SPP,
,,,,,,,ATLÂNTICO SUL,CASA DE MÁQUINAS,SISTEMA DE PROPULSÃO,Motor Auxiliar de Emergência Scania DS11,AS-CMA-SPP-MTA-04-CMB,AS01-SMP-MCA04
,,,,,,,ATLÂNTICO SUL,CASA DE MÁQUINAS,SISTEMA DE PROPULSÃO,Motor Auxiliar de Emergência Scania DS11,AS-CMA-SPP-MTA-04-CMB,AS01-SMP-MCA04
,,,,,,,ATLÂNTICO SUL,CASA DE MÁQUINAS,SISTEMA DE PROPULSÃO,Motor Auxiliar MWM TD 225.6 - MCA 2,AS-CMA-SPP-MTA-02-CMB,AS01-SMP-MCA02
,,,,,,,ATLÂNTICO SUL,CASA DE MÁQUINAS,SISTEMA DE PROPULSÃO,Motor Auxiliar MWM TD 225.6 - MCA 2,AS-CMA-SPP-MTA-02-CMB,AS01-SMP-MCA02
,,,,,,,ATLÂNTICO SUL,CASA DE MÁQUINAS,SISTEMA DE PROPULSÃO,Motor Auxiliar MWM TD 225.6 - MCA 3,AS-CMA-SPP-MTA-03-CMB,AS01-SMP-MCA03
,,,,,,,ATLÂNTICO SUL,CASA DE MÁQUINAS,SISTEMA DE PROPULSÃO,Motor de Combustão Auxiliar(V12) MWM D232,AS-CMA-SPP-MTA-01-CMB,AS01-SMP-MCA01
,,,,,,,ATLÂNTICO SUL,CASA DE MÁQUINAS,SISTEMA DE PROPULSÃO,Motor de Combustão Auxiliar(V12) MWM D232,AS-CMA-SPP-MTA-01-CMB,AS01-SMP-MCA01
,,,,,,,ATLÂNTICO SUL,CASA DE MÁQUINAS,SISTEMA DE PROPULSÃO,Motor de Combustão Principal MWM TD440-8,AS-CMA-SPP-MTP-01-CMB,AS01-SPP-MCP01
,,,,,,,ATLÂNTICO SUL,CASA DE MÁQUINAS,SISTEMA DE PROPULSÃO,Motor de Combustão Principal MWM TD440-8,AS-CMA-SPP-MTP-01-CMB,AS01-SPP-MCP01
,,,,,,,ATLÂNTICO SUL,CASA DE MÁQUINAS,SISTEMA DE PROPULSÃO,Motor de Combustão Principal MWM TD440-8,AS-CMA-SPP-MTP-01-CMB,AS01-SPP-MCP01
,,,,,,,ATLÂNTICO SUL,CASA DE MÁQUINAS,SISTEMA DE PROPULSÃO,Motor de Combustão Principal MWM TD440-8,AS-CMA-SPP-MTP-01-CMB,AS01-SPP-MCP01
,,,,,,,ATLÂNTICO SUL,CASA DE MÁQUINAS,SISTEMA DE PROPULSÃO,Motor de Combustão Principal MWM TD440-8,AS-CMA-SPP-MTP-01-CMB,AS01-SPP-MCP01
,,,,,,,ATLÂNTICO SUL,CASA DE MÁQUINAS,SISTEMA DE PROPULSÃO,Motor de Combustão Principal MWM TD440-8,AS-CMA-SPP-MTP-01-CMB,AS01-SPP-MCP01
,,,,,,,ATLÂNTICO SUL,CASA DE MÁQUINAS,SISTEMA DE PROPULSÃO,Motor de Combustão Principal MWM TD440-8,AS-CMA-SPP-MTP-01-CMB,AS01-SPP-MCP01
,,,,,,,ATLÂNTICO SUL,CASA DE MÁQUINAS,SISTEMA DE PROPULSÃO,Motor de Combustão Principal MWM TD440-8,AS-CMA-SPP-MTP-01-CMB,AS01-SPP-MCP01
,,,,,,,ATLÂNTICO SUL,CASA DE MÁQUINAS,SISTEMA DE PROPULSÃO,Motor de Combustão Principal MWM TD440-8,AS-CMA-SPP-MTP-01-CMB,AS01-SPP-MCP01
,,,,,,,ATLÂNTICO SUL,CASA DE MÁQUINAS,SISTEMA DE PROPULSÃO,Motor de Combustão Principal MWM TD440-8,AS-CMA-SPP-MTP-01-CMB,AS01-SPP-MCP01
,,,,,,,ATLÂNTICO SUL,CASA DE MÁQUINAS,SISTEMA DE PROPULSÃO,Motor de Combustão Principal MWM TD440-8,AS-CMA-SPP-MTP-01-CMB,AS01-SPP-MCP01
,,,,,,,ATLÂNTICO SUL,CASA DE MÁQUINAS,SISTEMA DE PROPULSÃO,Motor de Combustão Principal MWM TD440-8,AS-CMA-SPP-MTP-01-CMB,AS01-SPP-MCP01
,,,,,,,ATLÂNTICO SUL,CASA DE MÁQUINAS,SISTEMA DE PROPULSÃO,Motor de Combustão Principal MWM TD440-8,AS-CMA-SPP-MTP-01-CMB,AS01-SPP-MCP01
,,,,,,,ATLÂNTICO SUL,CASA DE MÁQUINAS,SISTEMA DE PROPULSÃO,Motor de Combustão Principal MWM TD440-8,AS-CMA-SPP-MTP-01-CMB,AS01-SPP-MCP01
,,,,,,,ATLÂNTICO SUL,CASA DE MÁQUINAS,SISTEMA DE PROPULSÃO,Motor de Combustão Principal MWM TD440-8,AS-CMA-SPP-MTP-01-CMB,AS01-SPP-MCP01
,,,,,,,ATLÂNTICO SUL,CASA DE MÁQUINAS,SISTEMA DE PROPULSÃO,Motor de Combustão Principal MWM TD440-8,AS-CMA-SPP-MTP-01-CMB,AS01-SPP-MCP01
,,,,,,,ATLÂNTICO SUL,CASA DE MÁQUINAS,SISTEMA DE PROPULSÃO,Motor de Combustão Principal MWM TD440-8,AS-CMA-SPP-MTP-01-CMB,AS01-SPP-MCP01
,,,,,,,ATLÂNTICO SUL,CASA DE MÁQUINAS,SISTEMA DE PROPULSÃO,Motor de Combustão Principal MWM TD440-8,AS-CMA-SPP-MTP-01-CMB,AS01-SPP-MCP01
,,,,,,,ATLÂNTICO SUL,CASA DE MÁQUINAS,SISTEMA DE PROPULSÃO,Motor de Combustão Principal MWM TD440-8,AS-CMA-SPP-MTP-01-CMB,AS01-SPP-MCP01
,,,,,,,ATLÂNTICO SUL,CASA DE MÁQUINAS,SISTEMA DE PROPULSÃO,Motor de Combustão Principal MWM TD440-8,AS-CMA-SPP-MTP-01-CMB,AS01-SPP-MCP01
,,,,,,,ATLÂNTICO SUL,CASA DE MÁQUINAS,SISTEMA DE PROPULSÃO,Motor de Combustão Principal MWM TD440-8,AS-CMA-SPP-MTP-01-CMB,AS01-SPP-MCP01
,,,,,,,ATLÂNTICO SUL,CASA DE MÁQUINAS,SISTEMA DE PROPULSÃO,Motor de Combustão Principal MWM TD440-8,AS-CMA-SPP-MTP-01-CMB,AS01-SPP-MCP01
,,,,,,,ATLÂNTICO SUL,CASA DE MÁQUINAS,SISTEMA DE PROPULSÃO,Motor de Combustão Principal MWM TD440-8,AS-CMA-SPP-MTP-01-CMB,AS01-SPP-MCP01
,,,,,,,ATLÂNTICO SUL,CASA DE MÁQUINAS,SISTEMA DE PROPULSÃO,Motor de Combustão Principal MWM TD440-8,AS-CMA-SPP-MTP-01-CMB,AS01-SPP-MCP01
,,,,,,,ATLÂNTICO SUL,CASA DE MÁQUINAS,SISTEMA DE PROPULSÃO,Motor de Combustão Principal MWM TD440-8,AS-CMA-SPP-MTP-01-CMB,AS01-SPP-MCP01
,,,,,,,ATLÂNTICO SUL,CASA DE MÁQUINAS,SISTEMA DE PROPULSÃO,Motor de Combustão Principal MWM TD440-8,AS-CMA-SPP-MTP-01-CMB,AS01-SPP-MCP01
,,,,,,,ATLÂNTICO SUL,CASA DE MÁQUINAS,SISTEMA DE PROPULSÃO,Motor de Combustão Principal MWM TD440-8,AS-CMA-SPP-MTP-01-CMB,AS01-SPP-MCP01
,,,,,,,ATLÂNTICO SUL,CASA DE MÁQUINAS,SISTEMA DE PROPULSÃO,Motor de Combustão Principal MWM TD440-8,AS-CMA-SPP-MTP-01-CMB,AS01-SPP-MCP01
,,,,,,,ATLÂNTICO SUL,CASA DE MÁQUINAS,SISTEMA DE PROPULSÃO,Motor de Combustão Principal MWM TD440-8,AS-CMA-SPP-MTP-01-CMB,AS01-SPP-MCP01
,,,,,,,ATLÂNTICO SUL,CASA DE MÁQUINAS,SISTEMA DE PROPULSÃO,Motor de Combustão Principal MWM TD440-8,AS-CMA-SPP-MTP-01-CMB,AS01-SPP-MCP01
,,,,,,,ATLÂNTICO SUL,CASA DE MÁQUINAS,SISTEMA DE PROPULSÃO,Motor de Combustão Principal MWM TD440-8,AS-CMA-SPP-MTP-01-CMB,AS01-SPP-MCP01
,,,,,,,ATLÂNTICO SUL,CASA DE MÁQUINAS,SISTEMA DE PROPULSÃO,Motor de Combustão Principal MWM TD440-8,AS-CMA-SPP-MTP-01-CMB,AS01-SPP-MCP01
,,,,,,,ATLÂNTICO SUL,CASA DE MÁQUINAS,SISTEMA DE PROPULSÃO,Motor de Combustão Principal MWM TD440-8,AS-CMA-SPP-MTP-01-CMB,AS01-SPP-MCP01
,,,,,,,ATLÂNTICO SUL,CASA DE MÁQUINAS,SISTEMA DE PROPULSÃO,Motor de Combustão Principal MWM TD440-8,AS-CMA-SPP-MTP-01-CMB,AS01-SPP-MCP01
,,,,,,,ATLÂNTICO SUL,CASA DE MÁQUINAS,SISTEMA DE PROPULSÃO,Motor de Combustão Principal MWM TD440-8,AS-CMA-SPP-MTP-01-CMB,AS01-SPP-MCP01
,,,,,,,ATLÂNTICO SUL,CASA DE MÁQUINAS,SISTEMA DE PROPULSÃO,Motor de Combustão Principal MWM TD440-8,AS-CMA-SPP-MTP-01-CMB,AS01-SPP-MCP01
,,,,,,,ATLÂNTICO SUL,CASA DE MÁQUINAS,SISTEMA DE PROPULSÃO,Motor de Combustão Principal MWM TD440-8,AS-CMA-SPP-MTP-01-CMB,AS01-SPP-MCP01
,,,,,,,ATLÂNTICO SUL,CASA DE MÁQUINAS,SISTEMA DE PROPULSÃO,Motor de Combustão Principal MWM TD440-8,AS-CMA-SPP-MTP-01-CMB,AS01-SPP-MCP01
,,,,,,,ATLÂNTICO SUL,CASA DE MÁQUINAS,SISTEMA DE PROPULSÃO,Motor de Combustão Principal MWM TD440-8,AS-CMA-SPP-MTP-01-CMB,AS01-SPP-MCP01
,,,,,,,ATLÂNTICO SUL,CASA DE MÁQUINAS,SISTEMA DE PROPULSÃO,Motor de Combustão Principal MWM TD440-8,AS-CMA-SPP-MTP-01-CMB,AS01-SPP-MCP01
,,,,,,,ATLÂNTICO SUL,CASA DE MÁQUINAS,SISTEMA DE PROPULSÃO,Motor de Combustão Principal MWM TD440-8,AS-CMA-SPP-MTP-01-CMB,AS01-SPP-MCP01
,,,,,,,ATLÂNTICO SUL,CASA DE MÁQUINAS,SISTEMA DE PROPULSÃO,Motor de Combustão Principal MWM TD440-8,AS-CMA-SPP-MTP-01-CMB,AS01-SPP-MCP01