SISTEMA x EMBARCAÇÃO,Atlântico Sul,Ciências do Mar,Larus,,,,,,,,Hierarquia de equipamentos,,,,,Nível,Classe hierárquica,Exemplos de opções
SISTEMA DE MOVIMENTAÇÃO,6,11,1,,,,SISTEMA DE MOVIMENTAÇÃO,MOV,"Conjunto destinado à movimentação, içamento, lançamento, recolhimento e manuseio de cargas, equipamentos ou materiais durante as operações da embarcação. Inclui guinchos, Munck, A-Frames operacionais e seus equipamentos associados.",,1,Indústria,Transporte marítimo,,,1,Indústria,Transporte marítimo
AR COMPRIMIDO,4,1,1,,,,AR COMPRIMIDO,ACO,"Conjunto destinado à geração, armazenamento, tratamento e distribuição de ar comprimido para partida de motores e demais consumidores pneumáticos da embarcação.",,2,Categoria,Operação de embarcações de pesquisa,,,2,Categoria,Operação de embarcações de pesquisa
LUBRIFICAÇÃO,1,1,1,,,,LUBRIFICAÇÃO,LUB,"Conjunto destinado ao armazenamento, transferência, distribuição, filtragem e aplicação de óleos lubrificantes necessários ao funcionamento e conservação dos equipamentos mecânicos.",,3,Instalação,Embarcações frota,,,3,Instalação,Embarcações frota
SISTEMA DE ARMAZENAMENTO E TRANSFERÊNCIA DE ÓLEO DIESEL,11,18,1,,,,SISTEMA DE ARMAZENAMENTO E TRANSFERÊNCIA DE ÓLEO DIESEL,SAO,"Conjunto destinado ao recebimento, armazenamento, transferência e abastecimento de óleo diesel utilizado pelos equipamentos consumidores da embarcação.",,4,Planta,Ciências do mar,,,4,Planta,Ciências do Mar; Larus; Atlântico Sul
SISTEMA DE CLIMATIZAÇÃO,16,22,2,,,,SISTEMA DE CLIMATIZAÇÃO,SDC,"Conjunto destinado à climatização, ventilação, renovação e exaustão do ar dos ambientes da embarcação, garantindo condições adequadas de habitabilidade e operação.",,4,Planta,Larus,,,5,Seção,Casa de Máquinas; Proa; Popa
SISTEMA DE ESGOTAMENTO LASTRO,18,8,1,,,,SISTEMA DE ESGOTAMENTO LASTRO,SEL,"Conjunto destinado ao esgotamento de água acumulada nos porões e demais compartimentos da embarcação, bem como às operações de enchimento, transferência e esgotamento dos tanques de lastro, estabilidade da embarcação.",,4,Planta,Atlântico Sul,,,6,Sistema,Ancoragem; Ar comprimido; Propulsão; Sistema elétrico; Sistema hidráulico; etc.
SISTEMA DE GOVERNO NÁUTICO,2,5,1,,,,SISTEMA DE GOVERNO NÁUTICO,SGN,"Conjunto destinado ao controle e alteração da direção da embarcação, compreendendo lemes, acionamentos e equipamentos associados ao governo.",,5,Seção,Casa de máquinas,,,7,Equipamento,Guincho; Compressor de ar; Bomba; Tanque; Motor; Vaso de pressão; etc.
SISTEMA DE PROPULSÃO,11,8,2,,,,SISTEMA DE PROPULSÃO,SPP,"Conjunto responsável pela geração e transmissão da potência necessária à propulsão da embarcação, incluindo motores principais, redutores, eixos e hélices e seus sistemas diretamente associados.",,5,Seção,Proa,,,8,Componente,Redutor; Cabeçote; Selo mecânico; Bocal; Mancal; Válvula
SISTEMA DE SALVAGUARDA,1,5,1,,,,SISTEMA DE SALVAGUARDA,SSG,"Conjunto destinado à prevenção, combate e resposta a situações de emergência, especialmente incêndio e outras condições que possam comprometer a segurança da embarcação e das pessoas a bordo.",,5,Seção,Popa,,,9,Subcomponente,Engrenagem; Válvula de descarga; O-ring; Junta; Rolamento
SISTEMA ELÉTRICO,15,2,7,,,,SISTEMA ELÉTRICO,SEE,"Conjunto destinado à geração, distribuição, proteção, comando, armazenamento e utilização da energia elétrica a bordo.",,6,Sistema,Ancoragem,,,,,
SISTEMA HIDRÁULICO,7,1,3,,,,SISTEMA HIDRÁULICO,SHI,"Conjunto destinado à geração, pressurização, controle, filtragem, refrigeração, distribuição e utilização de fluido hidráulico para transmissão de potência e acionamento de equipamentos.",,6,Sistema,Ar comprimido,,,,,
ESTRUTURAL,1,1,1,,,,ESTRUTURAL,EST,"Conjunto de elementos que compõem a estrutura física resistente da embarcação, responsáveis por suportar esforços, cargas e condições de operação.",,6,Sistema,Lubrificação,,,,,
SISTEMA DE FUNDEIO,5,4,2,,,,SISTEMA DE FUNDEIO,SAN,"Conjunto destinado às operações de lançamento, recolhimento e manutenção da embarcação em posição por meio de âncoras, incluindo equipamentos de acionamento e acessórios diretamente associados.",,6,Sistema,Sistema de armazenamento e transferência de óleo diesel,,,,,
SISTEMA AUXILIAR,14,11,4,,,,SISTEMA AUXILIAR,SAX,"Conjunto de equipamentos que desempenham funções de apoio à operação da embarcação, mas que não possuem, dentro da estrutura adotada, um sistema funcional específico próprio. Deve ser utilizado de forma restrita, evitando funcionar como categoria genérica.",,6,Sistema,Sistema de climatização,,,,,
SISTEMA DE ÓLEO COMBUSTÍVEL,2,1,1,,,,SISTEMA DE ÓLEO COMBUSTÍVEL,SOC,"Conjunto destinado ao armazenamento, tratamento, separação, transferência e preparação do óleo combustível para utilização nos equipamentos consumidores, quando aplicável.",,6,Sistema,Sistema de esgoto e lastro,,,,,
QUANTIDADE,114,99,29,,,,SISTEMA DE NAVEGAÇÃO,SNV,,,6,Sistema,Sistema de governo náutico,,,,,
,,,,,,,,,,,6,Sistema,Sistema de propulsão,,,,,
,,,,,,,,,,,6,Sistema,Sistema de salvaguarda,,,,,
,,,,,,,,,,,6,Sistema,Sistema elétrico,,,,,
,196,188,51,,,,,,,,6,Sistema,Sistema hidráulico,,,,,
,,,,,,,,,,,6,Sistema,Ancoragem,,,,,
,,,,,,,,,,,6,Sistema,Estrutural,,,,,
,,,,,,,,,,,6,Sistema,Sistema de fundeio,,,,,
,,,,,,,,,,,6,Sistema,Sistema auxiliar,,,,,
,,,,,,,,,,,7,Equipamento,Guincho,,,,,
,,,,,,,,,,,7,Equipamento,Compressor de ar,,,,,
,,,,,,,,,,,7,Equipamento,Separadora,,,,,
,,,,,,,,,,,7,Equipamento,Bomba,,,,,
,,,,,,,,,,,7,Equipamento,Tanque,,,,,
,,,,,,,,,,,7,Equipamento,Condicionador de ar,,,,,
,,,,,,,,,,,7,Equipamento,Bomba de esgoto,,,,,
,,,,,,,,,,,7,Equipamento,Bomba de lastro,,,,,
,,,,,,,,,,,7,Equipamento,Separador de água e óleo,,,,,
,,,,,,,,,,,7,Equipamento,Válvula,,,,,
,,,,,,,,,,,7,Equipamento,UTAS,,,,,
,,,,,,,,,,,7,Equipamento,Bomba hidráulica,,,,,
,,,,,,,,,,,7,Equipamento,Leme,,,,,
,,,,,,,,,,,7,Equipamento,Motor de combustão principal,,,,,
,,,,,,,,,,,7,Equipamento,Motor de combustão auxiliar,,,,,
,,,,,,,,,,,7,Equipamento,Motor de combustão de emergência,,,,,
,,,,,,,,,,,7,Equipamento,Caixa redutora,,,,,
,,,,,,,,,,,7,Equipamento,Vaso de pressão,,,,,
,,,,,,,,,,,7,Equipamento,Bomba de incêndio,,,,,
,,,,,,,,,,,7,Equipamento,Alternador,,,,,
,,,,,,,,,,,7,Equipamento,Motor elétrico,,,,,
,,,,,,,,,,,7,Equipamento,Gerador elétrico,,,,,
,,,,,,,,,,,7,Equipamento,Gerador elétrico de emergência,,,,,
,,,,,,,,,,,7,Equipamento,Unidade hidráulica,,,,,
,,,,,,,,,,,7,Equipamento,Unidade eletro-hidráulica,,,,,
,,,,,,,,,,,7,Equipamento,Prensa hidráulica,,,,,
,,,,,,,,,,,7,Equipamento,Molinete,,,,,
,,,,,,,,,,,7,Equipamento,A-Frame,,,,,
,,,,,,,,,,,7,Equipamento,Âncora,,,,,
,,,,,,,,,,,7,Equipamento,Câmara fria,,,,,
,,,,,,,,,,,7,Equipamento,Exaustor,,,,,
,,,,,,,,,,,7,Equipamento,Freezer,,,,,
,,,,,,,,,,,7,Equipamento,Insuflador,,,,,
,,,,,,,,,,,7,Equipamento,Tubulação,,,,,
,,,,,,,,,,,7,Equipamento,Guincho de pesca,,,,,
,,,,,,,,,,,7,Equipamento,Guincho de espinhel,,,,,
,,,,,,,,,,,7,Equipamento,Guindaste,,,,,
,,,,,,,,,,,7,Equipamento,Tambor de rede,,,,,
,,,,,,,,,,,7,Equipamento,Filtro,,,,,
,,,,,,,,,,,7,Equipamento,Válvula reguladora de pressão,,,,,
,,,,,,,,,,,7,Equipamento,Inversor de energia,,,,,
,,,,,,,,,,,7,Equipamento,Motogerador,,,,,
,,,,,,,,,,,7,Equipamento,Bateria,,,,,
,,,,,,,,,,,7,Equipamento,Acoplamento,,,,,
,,,,,,,,,,,7,Equipamento,Reservatório,,,,,
,,,,,,,,,,,8,Tipo,Combustão ,,,,,
,,,,,,,,,,,8,Tipo,Centrífuga,,,,,