INDUSTRIA,SIGLA,CATEGORIA,SIGLA,INSTALAÇÃO,SIGLA, PLANTA,SIGLA,SEÇÃO (localização),SIGLA,SISTEMA (função),SIGLA,EQUIPAMENTO,SIGLA,TIPO,SIGLA,ESPECIFICIDADE,SIGLA,,,
Transporte Marítmo,,OPERAÇÃO DE EMBARCAÇÕES DE PESQUISA,,EMBARCAÇÕES FROTA,,ATLANTICO SUL,AS,CASA MAQUINAS,CMA,PROPULSAO,PP,Motor,MCI (exemplo para Motor de Combustão Principal),Hidráulico,HID,Não se aplica,N/A,,,
Transporte Marítmo,,OPERAÇÃO DE EMBARCAÇÕES DE PESQUISA,,EMBARCAÇÕES FROTA,,ATLANTICO SUL,AS,CASA MAQUINAS,CMA,PROPULSAO,PP,Motor,MT,Pneumático,,,,,,
Transporte Marítmo,,OPERAÇÃO DE EMBARCAÇÕES DE PESQUISA,,EMBARCAÇÕES FROTA,,ATLANTICO SUL,AS,CASA MAQUINAS,CMA,PROPULSAO,PP,Motor,MT,Elétrico,,,,,,
Transporte Marítmo,,OPERAÇÃO DE EMBARCAÇÕES DE PESQUISA,,EMBARCAÇÕES FROTA,,ATLANTICO SUL,AS,CASA MAQUINAS,CMA,PROPULSAO,PP,Motor,MT,Combustão,,,,,,
Transporte Marítmo,,OPERAÇÃO DE EMBARCAÇÕES DE PESQUISA,,EMBARCAÇÕES FROTA,,ATLANTICO SUL,AS,CASA MAQUINAS,CMA,PROPULSAO,PP,Turbina,ST,Hidráulica,,Pelton,,,,
Transporte Marítmo,,OPERAÇÃO DE EMBARCAÇÕES DE PESQUISA,,EMBARCAÇÕES FROTA,,ATLANTICO SUL,AS,CASA MAQUINAS,CMA,PROPULSAO,PP,Turbina,ST,Hidráulica,,Kplan,,,,
Transporte Marítmo,,OPERAÇÃO DE EMBARCAÇÕES DE PESQUISA,,EMBARCAÇÕES FROTA,,ATLANTICO SUL,AS,CASA MAQUINAS,CMA,PROPULSAO,PP,Turbina,ST,Hidráulica,,Francis,,,,
Transporte Marítmo,,OPERAÇÃO DE EMBARCAÇÕES DE PESQUISA,,EMBARCAÇÕES FROTA,,ATLANTICO SUL,AS,CASA MAQUINAS,CMA,PROPULSAO,PP,Turbina,ST,Térmica,,Vapor,,,,
Transporte Marítmo,,OPERAÇÃO DE EMBARCAÇÕES DE PESQUISA,,EMBARCAÇÕES FROTA,,ATLANTICO SUL,AS,CASA MAQUINAS,CMA,PROPULSAO,PP,Turbina,ST,Térmica,,Gás,,,,
Transporte Marítmo,,OPERAÇÃO DE EMBARCAÇÕES DE PESQUISA,,EMBARCAÇÕES FROTA,,ATLANTICO SUL,AS,CASA MAQUINAS,CMA,PROPULSAO,PP,Caixa de Engrenagem,GBX,,,,,,,
Transporte Marítmo,,OPERAÇÃO DE EMBARCAÇÕES DE PESQUISA,,EMBARCAÇÕES FROTA,,ATLANTICO SUL,AS,CASA MAQUINAS,CMA,PROPULSAO,PP,Propulsores,,,,,,,,
Transporte Marítmo,,OPERAÇÃO DE EMBARCAÇÕES DE PESQUISA,,EMBARCAÇÕES FROTA,,ATLANTICO SUL,AS,CASA MAQUINAS,CMA,COMBUSTIVEL,PP,Bomba,PU,Centrífugo,,Vertical Monoestágio,,,,
Transporte Marítmo,,OPERAÇÃO DE EMBARCAÇÕES DE PESQUISA,,EMBARCAÇÕES FROTA,,ATLANTICO SUL,AS,CASA MAQUINAS,CMA,COMBUSTIVEL,PP,Bomba,PU,Centrífugo,,Vertical Multiestágio,,,,
Transporte Marítmo,,OPERAÇÃO DE EMBARCAÇÕES DE PESQUISA,,EMBARCAÇÕES FROTA,,ATLANTICO SUL,AS,CASA MAQUINAS,CMA,COMBUSTIVEL,PP,Bomba,PU,Centrífugo,,Horizontal Monoestágio,,,,
Transporte Marítmo,,OPERAÇÃO DE EMBARCAÇÕES DE PESQUISA,,EMBARCAÇÕES FROTA,,ATLANTICO SUL,AS,CASA MAQUINAS,CMA,COMBUSTIVEL,PP,Bomba,PU,Centrífugo,,Horizontal Multiestágio,,,,
Transporte Marítmo,,OPERAÇÃO DE EMBARCAÇÕES DE PESQUISA,,EMBARCAÇÕES FROTA,,ATLANTICO SUL,AS,CASA MAQUINAS,CMA,COMBUSTIVEL,PP,Bomba,PU,Centrífugo,,Submersa Monoestágio,,,,
Transporte Marítmo,,OPERAÇÃO DE EMBARCAÇÕES DE PESQUISA,,EMBARCAÇÕES FROTA,,ATLANTICO SUL,AS,CASA MAQUINAS,CMA,COMBUSTIVEL,PP,Bomba,PU,Centrífugo,,Submersa Multiestágio,,,,
Transporte Marítmo,,OPERAÇÃO DE EMBARCAÇÕES DE PESQUISA,,EMBARCAÇÕES FROTA,,ATLANTICO SUL,AS,CASA MAQUINAS,CMA,COMBUSTIVEL,PP,Bomba,PU,Recíproco,,Pistão,,,,
Transporte Marítmo,,OPERAÇÃO DE EMBARCAÇÕES DE PESQUISA,,EMBARCAÇÕES FROTA,,ATLANTICO SUL,AS,CASA MAQUINAS,CMA,COMBUSTIVEL,PP,Bomba,PU,Recíproco,,Diafragma,,,,
Transporte Marítmo,,OPERAÇÃO DE EMBARCAÇÕES DE PESQUISA,,EMBARCAÇÕES FROTA,,ATLANTICO SUL,AS,CASA MAQUINAS,CMA,COMBUSTIVEL,PP,Bomba,PU,Recíproco,,Êmbolo,,,,
Transporte Marítmo,,OPERAÇÃO DE EMBARCAÇÕES DE PESQUISA,,EMBARCAÇÕES FROTA,,ATLANTICO SUL,AS,CASA MAQUINAS,CMA,COMBUSTIVEL,PP,Bomba,PU,Rotativa,,Engrenagem,,,,
Transporte Marítmo,,OPERAÇÃO DE EMBARCAÇÕES DE PESQUISA,,EMBARCAÇÕES FROTA,,ATLANTICO SUL,AS,CASA MAQUINAS,CMA,COMBUSTIVEL,PP,Bomba,PU,Rotativa,,Palheta,,,,
Transporte Marítmo,,OPERAÇÃO DE EMBARCAÇÕES DE PESQUISA,,EMBARCAÇÕES FROTA,,ATLANTICO SUL,AS,CASA MAQUINAS,CMA,COMBUSTIVEL,PP,Bomba,PU,Rotativa,,Parafuso,,,,
Transporte Marítmo,,OPERAÇÃO DE EMBARCAÇÕES DE PESQUISA,,EMBARCAÇÕES FROTA,,ATLANTICO SUL,AS,CASA MAQUINAS,CMA,COMBUSTIVEL,PP,Bomba,PU,Rotativa,,Lóbulos,,,,
Transporte Marítmo,,OPERAÇÃO DE EMBARCAÇÕES DE PESQUISA,,EMBARCAÇÕES FROTA,,ATLANTICO SUL,AS,CASA MAQUINAS,CMA,COMBUSTIVEL,PP,Bomba,PU,Rotativa,,Peristáltica,,,,
Transporte Marítmo,,OPERAÇÃO DE EMBARCAÇÕES DE PESQUISA,,EMBARCAÇÕES FROTA,,ATLANTICO SUL,AS,CASA MAQUINAS,CMA,COMBUSTIVEL,PP,Bomba,PU,Rotativa,,Helicoidal,,,,
Transporte Marítmo,,OPERAÇÃO DE EMBARCAÇÕES DE PESQUISA,,EMBARCAÇÕES FROTA,,ATLANTICO SUL,AS,CASA MAQUINAS,CMA,COMBUSTIVEL,PP,Válvulas,VA,Outros,,,,,,
Transporte Marítmo,,OPERAÇÃO DE EMBARCAÇÕES DE PESQUISA,,EMBARCAÇÕES FROTA,,ATLANTICO SUL,AS,CASA MAQUINAS,CMA,COMBUSTIVEL,PP,Válvulas,VA,Gaveta,,,,,,
Transporte Marítmo,,OPERAÇÃO DE EMBARCAÇÕES DE PESQUISA,,EMBARCAÇÕES FROTA,,ATLANTICO SUL,AS,CASA MAQUINAS,CMA,COMBUSTIVEL,PP,Válvulas,VA,Globo,,,,,,
Transporte Marítmo,,OPERAÇÃO DE EMBARCAÇÕES DE PESQUISA,,EMBARCAÇÕES FROTA,,ATLANTICO SUL,AS,CASA MAQUINAS,CMA,COMBUSTIVEL,PP,Válvulas,VA,Borboleta,,,,,,
Transporte Marítmo,,OPERAÇÃO DE EMBARCAÇÕES DE PESQUISA,,EMBARCAÇÕES FROTA,,ATLANTICO SUL,AS,CASA MAQUINAS,CMA,COMBUSTIVEL,PP,Válvulas,VA,Plugue,,,,,,
Transporte Marítmo,,OPERAÇÃO DE EMBARCAÇÕES DE PESQUISA,,EMBARCAÇÕES FROTA,,ATLANTICO SUL,AS,CASA MAQUINAS,CMA,COMBUSTIVEL,PP,Válvulas,VA,Agulha,,,,,,
Transporte Marítmo,,OPERAÇÃO DE EMBARCAÇÕES DE PESQUISA,,EMBARCAÇÕES FROTA,,ATLANTICO SUL,AS,CASA MAQUINAS,CMA,COMBUSTIVEL,PP,Válvulas,VA,Retenção,,,,,,
Transporte Marítmo,,OPERAÇÃO DE EMBARCAÇÕES DE PESQUISA,,EMBARCAÇÕES FROTA,,ATLANTICO SUL,AS,CASA MAQUINAS,CMA,COMBUSTIVEL,PP,Válvulas,VA,Deslocamento,,,,,,
Transporte Marítmo,,OPERAÇÃO DE EMBARCAÇÕES DE PESQUISA,,EMBARCAÇÕES FROTA,,ATLANTICO SUL,AS,CASA MAQUINAS,CMA,COMBUSTIVEL,PP,Válvulas,VA,Flapper,,,,,,
Transporte Marítmo,,OPERAÇÃO DE EMBARCAÇÕES DE PESQUISA,,EMBARCAÇÕES FROTA,,ATLANTICO SUL,AS,CASA MAQUINAS,CMA,COMBUSTIVEL,PP,Válvulas,VA,Orifício múltiplo,,,,,,
Transporte Marítmo,,OPERAÇÃO DE EMBARCAÇÕES DE PESQUISA,,EMBARCAÇÕES FROTA,,ATLANTICO SUL,AS,CASA MAQUINAS,CMA,COMBUSTIVEL,PP,Válvulas,VA,Três vias,,,,,,
Transporte Marítmo,,OPERAÇÃO DE EMBARCAÇÕES DE PESQUISA,,EMBARCAÇÕES FROTA,,ATLANTICO SUL,AS,CASA MAQUINAS,CMA,COMBUSTIVEL,PP,Válvulas,VA,Parafuso,,,,,,
Transporte Marítmo,,OPERAÇÃO DE EMBARCAÇÕES DE PESQUISA,,EMBARCAÇÕES FROTA,,ATLANTICO SUL,AS,CASA MAQUINAS,CMA,COMBUSTIVEL,PP,Válvulas,VA,Scrubber,,,,,,
Transporte Marítmo,,OPERAÇÃO DE EMBARCAÇÕES DE PESQUISA,,EMBARCAÇÕES FROTA,,ATLANTICO SUL,AS,CASA MAQUINAS,CMA,COMBUSTIVEL,PP,Válvulas,VA,Stripper,,,,,,
Transporte Marítmo,,OPERAÇÃO DE EMBARCAÇÕES DE PESQUISA,,EMBARCAÇÕES FROTA,,ATLANTICO SUL,AS,CASA MAQUINAS,CMA,COMBUSTIVEL,PP,Válvulas,VA,PSV alívio a vácuo,,,,,,
Transporte Marítmo,,OPERAÇÃO DE EMBARCAÇÕES DE PESQUISA,,EMBARCAÇÕES FROTA,,ATLANTICO SUL,AS,CASA MAQUINAS,CMA,COMBUSTIVEL,PP,Válvulas,VA,Circuito impresso,,,,,,
Transporte Marítmo,,OPERAÇÃO DE EMBARCAÇÕES DE PESQUISA,,EMBARCAÇÕES FROTA,,ATLANTICO SUL,AS,CASA MAQUINAS,CMA,COMBUSTIVEL,PP,Válvulas,VA,Elétrico/sinal,,,,,,
Transporte Marítmo,,OPERAÇÃO DE EMBARCAÇÕES DE PESQUISA,,EMBARCAÇÕES FROTA,,ATLANTICO SUL,AS,CASA MAQUINAS,CMA,COMBUSTIVEL,PP,Válvulas,VA,Deslocamento,,,,,,
Transporte Marítmo,,OPERAÇÃO DE EMBARCAÇÕES DE PESQUISA,,EMBARCAÇÕES FROTA,,ATLANTICO SUL,AS,CASA MAQUINAS,CMA,COMBUSTIVEL,PP,Válvulas,VA,Axial,,,,,,
Transporte Marítmo,,OPERAÇÃO DE EMBARCAÇÕES DE PESQUISA,,EMBARCAÇÕES FROTA,,ATLANTICO SUL,AS,CASA MAQUINAS,CMA,COMBUSTIVEL,PP,Válvulas,VA,Tubulação,,,,,,
Transporte Marítmo,,OPERAÇÃO DE EMBARCAÇÕES DE PESQUISA,,EMBARCAÇÕES FROTA,,ATLANTICO SUL,AS,CASA MAQUINAS,CMA,COMBUSTIVEL,PP,Válvulas,VA,Outros,,,,,,
Transporte Marítmo,,OPERAÇÃO DE EMBARCAÇÕES DE PESQUISA,,EMBARCAÇÕES FROTA,,ATLANTICO SUL,AS,CASA MAQUINAS,CMA,COMBUSTIVEL,PP,Tanques de armazenamento,TA,Teto fixo,,,,,,
Transporte Marítmo,,OPERAÇÃO DE EMBARCAÇÕES DE PESQUISA,,EMBARCAÇÕES FROTA,,ATLANTICO SUL,AS,CASA MAQUINAS,CMA,COMBUSTIVEL,PP,Tanques de armazenamento,TA,Teto móvel,,,,,,
Transporte Marítmo,,OPERAÇÃO DE EMBARCAÇÕES DE PESQUISA,,EMBARCAÇÕES FROTA,,ATLANTICO SUL,AS,CASA MAQUINAS,CMA,COMBUSTIVEL,PP,Tanques de armazenamento,TA,Tubo duplo,,,,,,
Transporte Marítmo,,OPERAÇÃO DE EMBARCAÇÕES DE PESQUISA,,EMBARCAÇÕES FROTA,,ATLANTICO SUL,AS,CASA MAQUINAS,CMA,COMBUSTIVEL,PP,Tanques de armazenamento,TA,Teto flutuante externo,,,,,,
Transporte Marítmo,,OPERAÇÃO DE EMBARCAÇÕES DE PESQUISA,,EMBARCAÇÕES FROTA,,ATLANTICO SUL,AS,CASA MAQUINAS,CMA,COMBUSTIVEL,PP,Tanques de armazenamento,TA,Sem teto,,,,,,
Transporte Marítmo,,OPERAÇÃO DE EMBARCAÇÕES DE PESQUISA,,EMBARCAÇÕES FROTA,,ATLANTICO SUL,AS,CASA MAQUINAS,CMA,COMBUSTIVEL,PP,Tanques de armazenamento,TA,Teto fixo com teto flutuante interno,,,,,,
Transporte Marítmo,,OPERAÇÃO DE EMBARCAÇÕES DE PESQUISA,,EMBARCAÇÕES FROTA,,ATLANTICO SUL,AS,CASA MAQUINAS,CMA,COMBUSTIVEL,PP,Tubulação,PI,Coalescedor,,,,,,
Transporte Marítmo,,OPERAÇÃO DE EMBARCAÇÕES DE PESQUISA,,EMBARCAÇÕES FROTA,,ATLANTICO SUL,AS,CASA MAQUINAS,CMA,COMBUSTIVEL,PP,Tubulação,PI,Turbinas a vapor,,,,,,
Transporte Marítmo,,OPERAÇÃO DE EMBARCAÇÕES DE PESQUISA,,EMBARCAÇÕES FROTA,,ATLANTICO SUL,AS,CASA MAQUINAS,CMA,COMBUSTIVEL,PP,Tubulação,PI,Aços de baixa liga alta resistência,,,,,,
Transporte Marítmo,,OPERAÇÃO DE EMBARCAÇÕES DE PESQUISA,,EMBARCAÇÕES FROTA,,ATLANTICO SUL,AS,CASA MAQUINAS,CMA,COMBUSTIVEL,PP,Tubulação,PI,Titânio,,,,,,
Transporte Marítmo,,OPERAÇÃO DE EMBARCAÇÕES DE PESQUISA,,EMBARCAÇÕES FROTA,,ATLANTICO SUL,AS,CASA MAQUINAS,CMA,COMBUSTIVEL,PP,Tubulação,PI,Polímeros incluindo reforçados com fibras,,,,,,
Transporte Marítmo,,OPERAÇÃO DE EMBARCAÇÕES DE PESQUISA,,EMBARCAÇÕES FROTA,,ATLANTICO SUL,AS,CASA MAQUINAS,CMA,LUBRIFICACAO,PP,Bomba,PU,Centrífugo,,Vertical Monoestágio,,,,
Transporte Marítmo,,OPERAÇÃO DE EMBARCAÇÕES DE PESQUISA,,EMBARCAÇÕES FROTA,,ATLANTICO SUL,AS,CASA MAQUINAS,CMA,LUBRIFICACAO,PP,Bomba,PU,Centrífugo,,Vertical Multiestágio,,,,
Transporte Marítmo,,OPERAÇÃO DE EMBARCAÇÕES DE PESQUISA,,EMBARCAÇÕES FROTA,,ATLANTICO SUL,AS,CASA MAQUINAS,CMA,LUBRIFICACAO,PP,Bomba,PU,Centrífugo,,Horizontal Monoestágio,,,,
Transporte Marítmo,,OPERAÇÃO DE EMBARCAÇÕES DE PESQUISA,,EMBARCAÇÕES FROTA,,ATLANTICO SUL,AS,CASA MAQUINAS,CMA,LUBRIFICACAO,PP,Bomba,PU,Centrífugo,,Horizontal Multiestágio,,,,
Transporte Marítmo,,OPERAÇÃO DE EMBARCAÇÕES DE PESQUISA,,EMBARCAÇÕES FROTA,,ATLANTICO SUL,AS,CASA MAQUINAS,CMA,LUBRIFICACAO,PP,Bomba,PU,Centrífugo,,Submersa Monoestágio,,,,
Transporte Marítmo,,OPERAÇÃO DE EMBARCAÇÕES DE PESQUISA,,EMBARCAÇÕES FROTA,,ATLANTICO SUL,AS,CASA MAQUINAS,CMA,LUBRIFICACAO,PP,Bomba,PU,Centrífugo,,Submersa Multiestágio,,,,
Transporte Marítmo,,OPERAÇÃO DE EMBARCAÇÕES DE PESQUISA,,EMBARCAÇÕES FROTA,,ATLANTICO SUL,AS,CASA MAQUINAS,CMA,LUBRIFICACAO,PP,Bomba,PU,Recíproco,,Pistão,,,,
Transporte Marítmo,,OPERAÇÃO DE EMBARCAÇÕES DE PESQUISA,,EMBARCAÇÕES FROTA,,ATLANTICO SUL,AS,CASA MAQUINAS,CMA,LUBRIFICACAO,PP,Bomba,PU,Recíproco,,Diafragma,,,,
Transporte Marítmo,,OPERAÇÃO DE EMBARCAÇÕES DE PESQUISA,,EMBARCAÇÕES FROTA,,ATLANTICO SUL,AS,CASA MAQUINAS,CMA,LUBRIFICACAO,PP,Bomba,PU,Recíproco,,Êmbolo,,,,
Transporte Marítmo,,OPERAÇÃO DE EMBARCAÇÕES DE PESQUISA,,EMBARCAÇÕES FROTA,,ATLANTICO SUL,AS,CASA MAQUINAS,CMA,LUBRIFICACAO,PP,Bomba,PU,Rotativa,,Engrenagem,,,,
Transporte Marítmo,,OPERAÇÃO DE EMBARCAÇÕES DE PESQUISA,,EMBARCAÇÕES FROTA,,ATLANTICO SUL,AS,CASA MAQUINAS,CMA,LUBRIFICACAO,PP,Bomba,PU,Rotativa,,Palheta,,,,
Transporte Marítmo,,OPERAÇÃO DE EMBARCAÇÕES DE PESQUISA,,EMBARCAÇÕES FROTA,,ATLANTICO SUL,AS,CASA MAQUINAS,CMA,LUBRIFICACAO,PP,Bomba,PU,Rotativa,,Parafuso,,,,
Transporte Marítmo,,OPERAÇÃO DE EMBARCAÇÕES DE PESQUISA,,EMBARCAÇÕES FROTA,,ATLANTICO SUL,AS,CASA MAQUINAS,CMA,LUBRIFICACAO,PP,Bomba,PU,Rotativa,,Lóbulos,,,,
Transporte Marítmo,,OPERAÇÃO DE EMBARCAÇÕES DE PESQUISA,,EMBARCAÇÕES FROTA,,ATLANTICO SUL,AS,CASA MAQUINAS,CMA,LUBRIFICACAO,PP,Bomba,PU,Rotativa,,Peristáltica,,,,
Transporte Marítmo,,OPERAÇÃO DE EMBARCAÇÕES DE PESQUISA,,EMBARCAÇÕES FROTA,,ATLANTICO SUL,AS,CASA MAQUINAS,CMA,LUBRIFICACAO,PP,Bomba,PU,Rotativa,,Helicoidal,,,,
Transporte Marítmo,,OPERAÇÃO DE EMBARCAÇÕES DE PESQUISA,,EMBARCAÇÕES FROTA,,ATLANTICO SUL,AS,CASA MAQUINAS,CMA,LUBRIFICACAO,PP,Trocadores de calor,HE,Turbinas a vapor,,,,,,
Transporte Marítmo,,OPERAÇÃO DE EMBARCAÇÕES DE PESQUISA,,EMBARCAÇÕES FROTA,,ATLANTICO SUL,AS,CASA MAQUINAS,CMA,LUBRIFICACAO,PP,Trocadores de calor,HE,Placa,,,,,,
Transporte Marítmo,,OPERAÇÃO DE EMBARCAÇÕES DE PESQUISA,,EMBARCAÇÕES FROTA,,ATLANTICO SUL,AS,CASA MAQUINAS,CMA,LUBRIFICACAO,PP,Trocadores de calor,HE,Placa aletada,,,,,,
Transporte Marítmo,,OPERAÇÃO DE EMBARCAÇÕES DE PESQUISA,,EMBARCAÇÕES FROTA,,ATLANTICO SUL,AS,CASA MAQUINAS,CMA,LUBRIFICACAO,PP,Trocadores de calor,HE,Tubo duplo,,,,,,
Transporte Marítmo,,OPERAÇÃO DE EMBARCAÇÕES DE PESQUISA,,EMBARCAÇÕES FROTA,,ATLANTICO SUL,AS,CASA MAQUINAS,CMA,LUBRIFICACAO,PP,Trocadores de calor,HE,Baioneta,,,,,,
Transporte Marítmo,,OPERAÇÃO DE EMBARCAÇÕES DE PESQUISA,,EMBARCAÇÕES FROTA,,ATLANTICO SUL,AS,CASA MAQUINAS,CMA,LUBRIFICACAO,PP,Trocadores de calor,HE,Circuito impresso,,,,,,
Transporte Marítmo,,OPERAÇÃO DE EMBARCAÇÕES DE PESQUISA,,EMBARCAÇÕES FROTA,,ATLANTICO SUL,AS,CASA MAQUINAS,CMA,LUBRIFICACAO,PP,Trocadores de calor,HE,Corrente alternada,,,,,,
Transporte Marítmo,,OPERAÇÃO DE EMBARCAÇÕES DE PESQUISA,,EMBARCAÇÕES FROTA,,ATLANTICO SUL,AS,CASA MAQUINAS,CMA,LUBRIFICACAO,PP,Trocadores de calor,HE,Espiral,,,,,,
Transporte Marítmo,,OPERAÇÃO DE EMBARCAÇÕES DE PESQUISA,,EMBARCAÇÕES FROTA,,ATLANTICO SUL,AS,CASA MAQUINAS,CMA,LUBRIFICACAO,PP,Trocadores de calor,HE,Espiral enrolado,,,,,,
Transporte Marítmo,,OPERAÇÃO DE EMBARCAÇÕES DE PESQUISA,,EMBARCAÇÕES FROTA,,ATLANTICO SUL,AS,CASA MAQUINAS,CMA,LUBRIFICACAO,PP,Filtros e peneiras,FS,,,,,,,
Transporte Marítmo,,OPERAÇÃO DE EMBARCAÇÕES DE PESQUISA,,EMBARCAÇÕES FROTA,,ATLANTICO SUL,AS,CASA MAQUINAS,CMA,ARREFECIMENTO,PP,Bomba,PU,Centrífugo,,Vertical Monoestágio,,,,
Transporte Marítmo,,OPERAÇÃO DE EMBARCAÇÕES DE PESQUISA,,EMBARCAÇÕES FROTA,,ATLANTICO SUL,AS,CASA MAQUINAS,CMA,ARREFECIMENTO,PP,Bomba,PU,Centrífugo,,Vertical Multiestágio,,,,
Transporte Marítmo,,OPERAÇÃO DE EMBARCAÇÕES DE PESQUISA,,EMBARCAÇÕES FROTA,,ATLANTICO SUL,AS,CASA MAQUINAS,CMA,ARREFECIMENTO,PP,Bomba,PU,Centrífugo,,Horizontal Monoestágio,,,,
Transporte Marítmo,,OPERAÇÃO DE EMBARCAÇÕES DE PESQUISA,,EMBARCAÇÕES FROTA,,ATLANTICO SUL,AS,CASA MAQUINAS,CMA,ARREFECIMENTO,PP,Bomba,PU,Centrífugo,,Horizontal Multiestágio,,,,
Transporte Marítmo,,OPERAÇÃO DE EMBARCAÇÕES DE PESQUISA,,EMBARCAÇÕES FROTA,,ATLANTICO SUL,AS,CASA MAQUINAS,CMA,ARREFECIMENTO,PP,Bomba,PU,Centrífugo,,Submersa Monoestágio,,,,
Transporte Marítmo,,OPERAÇÃO DE EMBARCAÇÕES DE PESQUISA,,EMBARCAÇÕES FROTA,,ATLANTICO SUL,AS,CASA MAQUINAS,CMA,ARREFECIMENTO,PP,Bomba,PU,Centrífugo,,Submersa Multiestágio,,,,
Transporte Marítmo,,OPERAÇÃO DE EMBARCAÇÕES DE PESQUISA,,EMBARCAÇÕES FROTA,,ATLANTICO SUL,AS,CASA MAQUINAS,CMA,ARREFECIMENTO,PP,Bomba,PU,Recíproco,,Pistão,,,,
Transporte Marítmo,,OPERAÇÃO DE EMBARCAÇÕES DE PESQUISA,,EMBARCAÇÕES FROTA,,ATLANTICO SUL,AS,CASA MAQUINAS,CMA,ARREFECIMENTO,PP,Bomba,PU,Recíproco,,Diafragma,,,,
Transporte Marítmo,,OPERAÇÃO DE EMBARCAÇÕES DE PESQUISA,,EMBARCAÇÕES FROTA,,ATLANTICO SUL,AS,CASA MAQUINAS,CMA,ARREFECIMENTO,PP,Bomba,PU,Recíproco,,Êmbolo,,,,
Transporte Marítmo,,OPERAÇÃO DE EMBARCAÇÕES DE PESQUISA,,EMBARCAÇÕES FROTA,,ATLANTICO SUL,AS,CASA MAQUINAS,CMA,ARREFECIMENTO,PP,Bomba,PU,Rotativa,,Engrenagem,,,,
Transporte Marítmo,,OPERAÇÃO DE EMBARCAÇÕES DE PESQUISA,,EMBARCAÇÕES FROTA,,ATLANTICO SUL,AS,CASA MAQUINAS,CMA,ARREFECIMENTO,PP,Bomba,PU,Rotativa,,Palheta,,,,
Transporte Marítmo,,OPERAÇÃO DE EMBARCAÇÕES DE PESQUISA,,EMBARCAÇÕES FROTA,,ATLANTICO SUL,AS,CASA MAQUINAS,CMA,ARREFECIMENTO,PP,Bomba,PU,Rotativa,,Parafuso,,,,
Transporte Marítmo,,OPERAÇÃO DE EMBARCAÇÕES DE PESQUISA,,EMBARCAÇÕES FROTA,,ATLANTICO SUL,AS,CASA MAQUINAS,CMA,ARREFECIMENTO,PP,Bomba,PU,Rotativa,,Lóbulos,,,,
Transporte Marítmo,,OPERAÇÃO DE EMBARCAÇÕES DE PESQUISA,,EMBARCAÇÕES FROTA,,ATLANTICO SUL,AS,CASA MAQUINAS,CMA,ARREFECIMENTO,PP,Bomba,PU,Rotativa,,Peristáltica,,,,
Transporte Marítmo,,OPERAÇÃO DE EMBARCAÇÕES DE PESQUISA,,EMBARCAÇÕES FROTA,,ATLANTICO SUL,AS,CASA MAQUINAS,CMA,ARREFECIMENTO,PP,Bomba,PU,Rotativa,,Helicoidal,,,,
Transporte Marítmo,,OPERAÇÃO DE EMBARCAÇÕES DE PESQUISA,,EMBARCAÇÕES FROTA,,ATLANTICO SUL,AS,CASA MAQUINAS,CMA,ARREFECIMENTO,PP,Trocadores de calor,HE,Turbinas a vapor,,,,,,
Transporte Marítmo,,OPERAÇÃO DE EMBARCAÇÕES DE PESQUISA,,EMBARCAÇÕES FROTA,,ATLANTICO SUL,AS,CASA MAQUINAS,CMA,ARREFECIMENTO,PP,Trocadores de calor,HE,Placa,,,,,,
Transporte Marítmo,,OPERAÇÃO DE EMBARCAÇÕES DE PESQUISA,,EMBARCAÇÕES FROTA,,ATLANTICO SUL,AS,CASA MAQUINAS,CMA,ARREFECIMENTO,PP,Trocadores de calor,HE,Placa aletada,,,,,,
Transporte Marítmo,,OPERAÇÃO DE EMBARCAÇÕES DE PESQUISA,,EMBARCAÇÕES FROTA,,ATLANTICO SUL,AS,CASA MAQUINAS,CMA,ARREFECIMENTO,PP,Trocadores de calor,HE,Tubo duplo,,,,,,
Transporte Marítmo,,OPERAÇÃO DE EMBARCAÇÕES DE PESQUISA,,EMBARCAÇÕES FROTA,,ATLANTICO SUL,AS,CASA MAQUINAS,CMA,ARREFECIMENTO,PP,Trocadores de calor,HE,Baioneta,,,,,,
Transporte Marítmo,,OPERAÇÃO DE EMBARCAÇÕES DE PESQUISA,,EMBARCAÇÕES FROTA,,ATLANTICO SUL,AS,CASA MAQUINAS,CMA,ARREFECIMENTO,PP,Trocadores de calor,HE,Circuito impresso,,,,,,
Transporte Marítmo,,OPERAÇÃO DE EMBARCAÇÕES DE PESQUISA,,EMBARCAÇÕES FROTA,,ATLANTICO SUL,AS,CASA MAQUINAS,CMA,ARREFECIMENTO,PP,Trocadores de calor,HE,Corrente alternada,,,,,,
Transporte Marítmo,,OPERAÇÃO DE EMBARCAÇÕES DE PESQUISA,,EMBARCAÇÕES FROTA,,ATLANTICO SUL,AS,CASA MAQUINAS,CMA,ARREFECIMENTO,PP,Trocadores de calor,HE,Espiral,,,,,,
Transporte Marítmo,,OPERAÇÃO DE EMBARCAÇÕES DE PESQUISA,,EMBARCAÇÕES FROTA,,ATLANTICO SUL,AS,CASA MAQUINAS,CMA,ARREFECIMENTO,PP,Trocadores de calor,HE,Espiral enrolado,,,,,,
Transporte Marítmo,,OPERAÇÃO DE EMBARCAÇÕES DE PESQUISA,,EMBARCAÇÕES FROTA,,ATLANTICO SUL,AS,CASA MAQUINAS,CMA,ELETRICO,PP,UPS,UP,UPS duplo com bypass de espera,,,,,,
Transporte Marítmo,,OPERAÇÃO DE EMBARCAÇÕES DE PESQUISA,,EMBARCAÇÕES FROTA,,ATLANTICO SUL,AS,CASA MAQUINAS,CMA,ELETRICO,PP,UPS,UP,UPS duplo com bypass de espera,,,,,,
Transporte Marítmo,,OPERAÇÃO DE EMBARCAÇÕES DE PESQUISA,,EMBARCAÇÕES FROTA,,ATLANTICO SUL,AS,CASA MAQUINAS,CMA,ELETRICO,PP,UPS,UP,UPS duplo com bypass de espera,,,,,,
Transporte Marítmo,,OPERAÇÃO DE EMBARCAÇÕES DE PESQUISA,,EMBARCAÇÕES FROTA,,ATLANTICO SUL,AS,CASA MAQUINAS,CMA,ELETRICO,PP,UPS,UP,UPS duplo sem bypass,,,,,,
Transporte Marítmo,,OPERAÇÃO DE EMBARCAÇÕES DE PESQUISA,,EMBARCAÇÕES FROTA,,ATLANTICO SUL,AS,CASA MAQUINAS,CMA,ELETRICO,PP,UPS,UP,UPS duplo sem bypass,,,,,,
Transporte Marítmo,,OPERAÇÃO DE EMBARCAÇÕES DE PESQUISA,,EMBARCAÇÕES FROTA,,ATLANTICO SUL,AS,CASA MAQUINAS,CMA,ELETRICO,PP,UPS,UP,UPS simples com bypass,,,,,,
Transporte Marítmo,,OPERAÇÃO DE EMBARCAÇÕES DE PESQUISA,,EMBARCAÇÕES FROTA,,ATLANTICO SUL,AS,CASA MAQUINAS,CMA,ELETRICO,PP,UPS,UP,UPS simples com bypass,,,,,,
Transporte Marítmo,,OPERAÇÃO DE EMBARCAÇÕES DE PESQUISA,,EMBARCAÇÕES FROTA,,ATLANTICO SUL,AS,CASA MAQUINAS,CMA,ELETRICO,PP,UPS,UP,UPS simples com bypass,,,,,,
Transporte Marítmo,,OPERAÇÃO DE EMBARCAÇÕES DE PESQUISA,,EMBARCAÇÕES FROTA,,ATLANTICO SUL,AS,CASA MAQUINAS,CMA,ELETRICO,PP,UPS,UP,UPS simples sem bypass,,,,,,
Transporte Marítmo,,OPERAÇÃO DE EMBARCAÇÕES DE PESQUISA,,EMBARCAÇÕES FROTA,,ATLANTICO SUL,AS,CASA MAQUINAS,CMA,ELETRICO,PP,UPS,UP,UPS simples sem bypass,,,,,,
Transporte Marítmo,,OPERAÇÃO DE EMBARCAÇÕES DE PESQUISA,,EMBARCAÇÕES FROTA,,ATLANTICO SUL,AS,CASA MAQUINAS,CMA,ELETRICO,PP,Disjuntores/Chaves de média e alta tensão,SG,Baixa tensão,,,,,,
Transporte Marítmo,,OPERAÇÃO DE EMBARCAÇÕES DE PESQUISA,,EMBARCAÇÕES FROTA,,ATLANTICO SUL,AS,CASA MAQUINAS,CMA,ELETRICO,PP,Disjuntores/Chaves de média e alta tensão,SG,Isolados a óleo ou vácuo,,,,,,
Transporte Marítmo,,OPERAÇÃO DE EMBARCAÇÕES DE PESQUISA,,EMBARCAÇÕES FROTA,,ATLANTICO SUL,AS,CASA MAQUINAS,CMA,ELETRICO,PP,Disjuntores/Chaves de média e alta tensão,SG,Alta tensão isolado a ar,,,,,,
Transporte Marítmo,,OPERAÇÃO DE EMBARCAÇÕES DE PESQUISA,,EMBARCAÇÕES FROTA,,ATLANTICO SUL,AS,CASA MAQUINAS,CMA,ELETRICO,PP,Disjuntores/Chaves de média e alta tensão,SG,Alta tensão isolado a gás,,,,,,
Transporte Marítmo,,OPERAÇÃO DE EMBARCAÇÕES DE PESQUISA,,EMBARCAÇÕES FROTA,,ATLANTICO SUL,AS,CASA MAQUINAS,CMA,ELETRICO,PP,Gerador Elétrico,EG,Acionamento por turbina a gás,,,,,,
Transporte Marítmo,,OPERAÇÃO DE EMBARCAÇÕES DE PESQUISA,,EMBARCAÇÕES FROTA,,ATLANTICO SUL,AS,CASA MAQUINAS,CMA,ELETRICO,PP,Gerador Elétrico,EG,Acionamento por turbina a vapor,,,,,,
Transporte Marítmo,,OPERAÇÃO DE EMBARCAÇÕES DE PESQUISA,,EMBARCAÇÕES FROTA,,ATLANTICO SUL,AS,CASA MAQUINAS,CMA,ELETRICO,PP,Gerador Elétrico,EG,Acionado por Turboexpansor,,,,,,
Transporte Marítmo,,OPERAÇÃO DE EMBARCAÇÕES DE PESQUISA,,EMBARCAÇÕES FROTA,,ATLANTICO SUL,AS,CASA MAQUINAS,CMA,ELETRICO,PP,Gerador Elétrico,EG,Acionado por motor diesel,,,,,,
Transporte Marítmo,,OPERAÇÃO DE EMBARCAÇÕES DE PESQUISA,,EMBARCAÇÕES FROTA,,ATLANTICO SUL,AS,CASA MAQUINAS,CMA,ELETRICO,PP,Gerador Elétrico,EG,Acionado por motor a combustão,,,,,,
Transporte Marítmo,,OPERAÇÃO DE EMBARCAÇÕES DE PESQUISA,,EMBARCAÇÕES FROTA,,ATLANTICO SUL,AS,CASA MAQUINAS,CMA,ELETRICO,PP,Cabos de energia e terminações (topside/terrestre),PC,,,,,,,
Transporte Marítmo,,OPERAÇÃO DE EMBARCAÇÕES DE PESQUISA,,EMBARCAÇÕES FROTA,,ATLANTICO SUL,AS,CASA MAQUINAS,CMA,HIDRAULICO,PP,Unidade de potência hidráulica (HPU),HP,,,,,,,
Transporte Marítmo,,OPERAÇÃO DE EMBARCAÇÕES DE PESQUISA,,EMBARCAÇÕES FROTA,,ATLANTICO SUL,AS,CASA MAQUINAS,CMA,HIDRAULICO,PP,Bomba,PU,Centrífugo,,Vertical Monoestágio,,,,
Transporte Marítmo,,OPERAÇÃO DE EMBARCAÇÕES DE PESQUISA,,EMBARCAÇÕES FROTA,,ATLANTICO SUL,AS,CASA MAQUINAS,CMA,HIDRAULICO,PP,Bomba,PU,Centrífugo,,Vertical Multiestágio,,,,
Transporte Marítmo,,OPERAÇÃO DE EMBARCAÇÕES DE PESQUISA,,EMBARCAÇÕES FROTA,,ATLANTICO SUL,AS,CASA MAQUINAS,CMA,HIDRAULICO,PP,Bomba,PU,Centrífugo,,Horizontal Monoestágio,,,,
Transporte Marítmo,,OPERAÇÃO DE EMBARCAÇÕES DE PESQUISA,,EMBARCAÇÕES FROTA,,ATLANTICO SUL,AS,CASA MAQUINAS,CMA,HIDRAULICO,PP,Bomba,PU,Centrífugo,,Horizontal Multiestágio,,,,
Transporte Marítmo,,OPERAÇÃO DE EMBARCAÇÕES DE PESQUISA,,EMBARCAÇÕES FROTA,,ATLANTICO SUL,AS,CASA MAQUINAS,CMA,HIDRAULICO,PP,Bomba,PU,Centrífugo,,Submersa Monoestágio,,,,
Transporte Marítmo,,OPERAÇÃO DE EMBARCAÇÕES DE PESQUISA,,EMBARCAÇÕES FROTA,,ATLANTICO SUL,AS,CASA MAQUINAS,CMA,HIDRAULICO,PP,Bomba,PU,Centrífugo,,Submersa Multiestágio,,,,
Transporte Marítmo,,OPERAÇÃO DE EMBARCAÇÕES DE PESQUISA,,EMBARCAÇÕES FROTA,,ATLANTICO SUL,AS,CASA MAQUINAS,CMA,HIDRAULICO,PP,Bomba,PU,Recíproco,,Pistão,,,,
Transporte Marítmo,,OPERAÇÃO DE EMBARCAÇÕES DE PESQUISA,,EMBARCAÇÕES FROTA,,ATLANTICO SUL,AS,CASA MAQUINAS,CMA,HIDRAULICO,PP,Bomba,PU,Recíproco,,Diafragma,,,,
Transporte Marítmo,,OPERAÇÃO DE EMBARCAÇÕES DE PESQUISA,,EMBARCAÇÕES FROTA,,ATLANTICO SUL,AS,CASA MAQUINAS,CMA,HIDRAULICO,PP,Bomba,PU,Recíproco,,Êmbolo,,,,
Transporte Marítmo,,OPERAÇÃO DE EMBARCAÇÕES DE PESQUISA,,EMBARCAÇÕES FROTA,,ATLANTICO SUL,AS,CASA MAQUINAS,CMA,HIDRAULICO,PP,Bomba,PU,Rotativa,,Engrenagem,,,,
Transporte Marítmo,,OPERAÇÃO DE EMBARCAÇÕES DE PESQUISA,,EMBARCAÇÕES FROTA,,ATLANTICO SUL,AS,CASA MAQUINAS,CMA,HIDRAULICO,PP,Bomba,PU,Rotativa,,Palheta,,,,
Transporte Marítmo,,OPERAÇÃO DE EMBARCAÇÕES DE PESQUISA,,EMBARCAÇÕES FROTA,,ATLANTICO SUL,AS,CASA MAQUINAS,CMA,HIDRAULICO,PP,Bomba,PU,Rotativa,,Parafuso,,,,
Transporte Marítmo,,OPERAÇÃO DE EMBARCAÇÕES DE PESQUISA,,EMBARCAÇÕES FROTA,,ATLANTICO SUL,AS,CASA MAQUINAS,CMA,HIDRAULICO,PP,Bomba,PU,Rotativa,,Lóbulos,,,,
Transporte Marítmo,,OPERAÇÃO DE EMBARCAÇÕES DE PESQUISA,,EMBARCAÇÕES FROTA,,ATLANTICO SUL,AS,CASA MAQUINAS,CMA,HIDRAULICO,PP,Bomba,PU,Rotativa,,Peristáltica,,,,
Transporte Marítmo,,OPERAÇÃO DE EMBARCAÇÕES DE PESQUISA,,EMBARCAÇÕES FROTA,,ATLANTICO SUL,AS,CASA MAQUINAS,CMA,HIDRAULICO,PP,Bomba,PU,Rotativa,,Helicoidal,,,,
Transporte Marítmo,,OPERAÇÃO DE EMBARCAÇÕES DE PESQUISA,,EMBARCAÇÕES FROTA,,ATLANTICO SUL,AS,CASA MAQUINAS,CMA,HIDRAULICO,PP,Válvulas,VA,Outros,,,,,,
Transporte Marítmo,,OPERAÇÃO DE EMBARCAÇÕES DE PESQUISA,,EMBARCAÇÕES FROTA,,ATLANTICO SUL,AS,CASA MAQUINAS,CMA,HIDRAULICO,PP,Válvulas,VA,Gaveta,,,,,,
Transporte Marítmo,,OPERAÇÃO DE EMBARCAÇÕES DE PESQUISA,,EMBARCAÇÕES FROTA,,ATLANTICO SUL,AS,CASA MAQUINAS,CMA,HIDRAULICO,PP,Válvulas,VA,Globo,,,,,,
Transporte Marítmo,,OPERAÇÃO DE EMBARCAÇÕES DE PESQUISA,,EMBARCAÇÕES FROTA,,ATLANTICO SUL,AS,CASA MAQUINAS,CMA,HIDRAULICO,PP,Válvulas,VA,Borboleta,,,,,,
Transporte Marítmo,,OPERAÇÃO DE EMBARCAÇÕES DE PESQUISA,,EMBARCAÇÕES FROTA,,ATLANTICO SUL,AS,CASA MAQUINAS,CMA,HIDRAULICO,PP,Válvulas,VA,Plugue,,,,,,
Transporte Marítmo,,OPERAÇÃO DE EMBARCAÇÕES DE PESQUISA,,EMBARCAÇÕES FROTA,,ATLANTICO SUL,AS,CASA MAQUINAS,CMA,HIDRAULICO,PP,Válvulas,VA,Agulha,,,,,,
Transporte Marítmo,,OPERAÇÃO DE EMBARCAÇÕES DE PESQUISA,,EMBARCAÇÕES FROTA,,ATLANTICO SUL,AS,CASA MAQUINAS,CMA,HIDRAULICO,PP,Válvulas,VA,Retenção,,,,,,
Transporte Marítmo,,OPERAÇÃO DE EMBARCAÇÕES DE PESQUISA,,EMBARCAÇÕES FROTA,,ATLANTICO SUL,AS,CASA MAQUINAS,CMA,HIDRAULICO,PP,Válvulas,VA,Deslocamento,,,,,,
Transporte Marítmo,,OPERAÇÃO DE EMBARCAÇÕES DE PESQUISA,,EMBARCAÇÕES FROTA,,ATLANTICO SUL,AS,CASA MAQUINAS,CMA,HIDRAULICO,PP,Válvulas,VA,Flapper,,,,,,
Transporte Marítmo,,OPERAÇÃO DE EMBARCAÇÕES DE PESQUISA,,EMBARCAÇÕES FROTA,,ATLANTICO SUL,AS,CASA MAQUINAS,CMA,HIDRAULICO,PP,Válvulas,VA,Orifício múltiplo,,,,,,
Transporte Marítmo,,OPERAÇÃO DE EMBARCAÇÕES DE PESQUISA,,EMBARCAÇÕES FROTA,,ATLANTICO SUL,AS,CASA MAQUINAS,CMA,HIDRAULICO,PP,Válvulas,VA,Três vias,,,,,,
Transporte Marítmo,,OPERAÇÃO DE EMBARCAÇÕES DE PESQUISA,,EMBARCAÇÕES FROTA,,ATLANTICO SUL,AS,CASA MAQUINAS,CMA,HIDRAULICO,PP,Válvulas,VA,Parafuso,,,,,,
Transporte Marítmo,,OPERAÇÃO DE EMBARCAÇÕES DE PESQUISA,,EMBARCAÇÕES FROTA,,ATLANTICO SUL,AS,CASA MAQUINAS,CMA,HIDRAULICO,PP,Válvulas,VA,Scrubber,,,,,,
Transporte Marítmo,,OPERAÇÃO DE EMBARCAÇÕES DE PESQUISA,,EMBARCAÇÕES FROTA,,ATLANTICO SUL,AS,CASA MAQUINAS,CMA,HIDRAULICO,PP,Válvulas,VA,Stripper,,,,,,
Transporte Marítmo,,OPERAÇÃO DE EMBARCAÇÕES DE PESQUISA,,EMBARCAÇÕES FROTA,,ATLANTICO SUL,AS,CASA MAQUINAS,CMA,HIDRAULICO,PP,Válvulas,VA,PSV alívio a vácuo,,,,,,
Transporte Marítmo,,OPERAÇÃO DE EMBARCAÇÕES DE PESQUISA,,EMBARCAÇÕES FROTA,,ATLANTICO SUL,AS,CASA MAQUINAS,CMA,HIDRAULICO,PP,Válvulas,VA,Circuito impresso,,,,,,
Transporte Marítmo,,OPERAÇÃO DE EMBARCAÇÕES DE PESQUISA,,EMBARCAÇÕES FROTA,,ATLANTICO SUL,AS,CASA MAQUINAS,CMA,HIDRAULICO,PP,Válvulas,VA,Elétrico/sinal,,,,,,
Transporte Marítmo,,OPERAÇÃO DE EMBARCAÇÕES DE PESQUISA,,EMBARCAÇÕES FROTA,,ATLANTICO SUL,AS,CASA MAQUINAS,CMA,HIDRAULICO,PP,Válvulas,VA,Deslocamento,,,,,,
Transporte Marítmo,,OPERAÇÃO DE EMBARCAÇÕES DE PESQUISA,,EMBARCAÇÕES FROTA,,ATLANTICO SUL,AS,CASA MAQUINAS,CMA,HIDRAULICO,PP,Válvulas,VA,Axial,,,,,,
Transporte Marítmo,,OPERAÇÃO DE EMBARCAÇÕES DE PESQUISA,,EMBARCAÇÕES FROTA,,ATLANTICO SUL,AS,CASA MAQUINAS,CMA,HIDRAULICO,PP,Válvulas,VA,Tubulação,,,,,,
Transporte Marítmo,,OPERAÇÃO DE EMBARCAÇÕES DE PESQUISA,,EMBARCAÇÕES FROTA,,ATLANTICO SUL,AS,CASA MAQUINAS,CMA,HIDRAULICO,PP,Válvulas,VA,Outros,,,,,,
Transporte Marítmo,,OPERAÇÃO DE EMBARCAÇÕES DE PESQUISA,,EMBARCAÇÕES FROTA,,ATLANTICO SUL,AS,CASA MAQUINAS,CMA,AR COMPRIMIDO,PP,Compressor,CO,Centrífugo,,Monostágio,,,,
Transporte Marítmo,,OPERAÇÃO DE EMBARCAÇÕES DE PESQUISA,,EMBARCAÇÕES FROTA,,ATLANTICO SUL,AS,CASA MAQUINAS,CMA,AR COMPRIMIDO,PP,Compressor,CO,Centrífugo,,Multiestágio,,,,
Transporte Marítmo,,OPERAÇÃO DE EMBARCAÇÕES DE PESQUISA,,EMBARCAÇÕES FROTA,,ATLANTICO SUL,AS,CASA MAQUINAS,CMA,AR COMPRIMIDO,PP,Compressor,CO,Recíproco,,Pistão,,,,
Transporte Marítmo,,OPERAÇÃO DE EMBARCAÇÕES DE PESQUISA,,EMBARCAÇÕES FROTA,,ATLANTICO SUL,AS,CASA MAQUINAS,CMA,AR COMPRIMIDO,PP,Compressor,CO,Recíproco,,Diafragma,,,,
Transporte Marítmo,,OPERAÇÃO DE EMBARCAÇÕES DE PESQUISA,,EMBARCAÇÕES FROTA,,ATLANTICO SUL,AS,CASA MAQUINAS,CMA,AR COMPRIMIDO,PP,Compressor,CO,Rotativo,,Palheta,,,,
Transporte Marítmo,,OPERAÇÃO DE EMBARCAÇÕES DE PESQUISA,,EMBARCAÇÕES FROTA,,ATLANTICO SUL,AS,CASA MAQUINAS,CMA,AR COMPRIMIDO,PP,Compressor,CO,Rotativo,,Parafuso,,,,
Transporte Marítmo,,OPERAÇÃO DE EMBARCAÇÕES DE PESQUISA,,EMBARCAÇÕES FROTA,,ATLANTICO SUL,AS,CASA MAQUINAS,CMA,AR COMPRIMIDO,PP,Compressor,CO,Rotativo,,Lóbulos,,,,
Transporte Marítmo,,OPERAÇÃO DE EMBARCAÇÕES DE PESQUISA,,EMBARCAÇÕES FROTA,,ATLANTICO SUL,AS,CASA MAQUINAS,CMA,AR COMPRIMIDO,PP,Compressor,CO,Rotativo,,Scroll,,,,
Transporte Marítmo,,OPERAÇÃO DE EMBARCAÇÕES DE PESQUISA,,EMBARCAÇÕES FROTA,,ATLANTICO SUL,AS,CASA MAQUINAS,CMA,AR COMPRIMIDO,PP,Vasos de pressão,VE,Stripper,,,,,,
Transporte Marítmo,,OPERAÇÃO DE EMBARCAÇÕES DE PESQUISA,,EMBARCAÇÕES FROTA,,ATLANTICO SUL,AS,CASA MAQUINAS,CMA,AR COMPRIMIDO,PP,Vasos de pressão,VE,Separador,,,,,,
Transporte Marítmo,,OPERAÇÃO DE EMBARCAÇÕES DE PESQUISA,,EMBARCAÇÕES FROTA,,ATLANTICO SUL,AS,CASA MAQUINAS,CMA,AR COMPRIMIDO,PP,Vasos de pressão,VE,Coalescedor,,,,,,
Transporte Marítmo,,OPERAÇÃO DE EMBARCAÇÕES DE PESQUISA,,EMBARCAÇÕES FROTA,,ATLANTICO SUL,AS,CASA MAQUINAS,CMA,AR COMPRIMIDO,PP,Vasos de pressão,VE,Flash drum,,,,,,
Transporte Marítmo,,OPERAÇÃO DE EMBARCAÇÕES DE PESQUISA,,EMBARCAÇÕES FROTA,,ATLANTICO SUL,AS,CASA MAQUINAS,CMA,AR COMPRIMIDO,PP,Vasos de pressão,VE,Scrubber,,,,,,
Transporte Marítmo,,OPERAÇÃO DE EMBARCAÇÕES DE PESQUISA,,EMBARCAÇÕES FROTA,,ATLANTICO SUL,AS,CASA MAQUINAS,CMA,AR COMPRIMIDO,PP,Aquecedores e Caldeiras,HB,Caldeira a combustível fóssil,,,,,,
Transporte Marítmo,,OPERAÇÃO DE EMBARCAÇÕES DE PESQUISA,,EMBARCAÇÕES FROTA,,ATLANTICO SUL,AS,CASA MAQUINAS,CMA,AR COMPRIMIDO,PP,Vasos de pressão,VE,Stripper,,,,,,
Transporte Marítmo,,OPERAÇÃO DE EMBARCAÇÕES DE PESQUISA,,EMBARCAÇÕES FROTA,,ATLANTICO SUL,AS,CASA MAQUINAS,CMA,AR COMPRIMIDO,PP,Vasos de pressão,VE,Separador,,,,,,
Transporte Marítmo,,OPERAÇÃO DE EMBARCAÇÕES DE PESQUISA,,EMBARCAÇÕES FROTA,,ATLANTICO SUL,AS,CASA MAQUINAS,CMA,AR COMPRIMIDO,PP,Vasos de pressão,VE,Coalescedor,,,,,,
Transporte Marítmo,,OPERAÇÃO DE EMBARCAÇÕES DE PESQUISA,,EMBARCAÇÕES FROTA,,ATLANTICO SUL,AS,CASA MAQUINAS,CMA,AR COMPRIMIDO,PP,Vasos de pressão,VE,Flash drum,,,,,,
Transporte Marítmo,,OPERAÇÃO DE EMBARCAÇÕES DE PESQUISA,,EMBARCAÇÕES FROTA,,ATLANTICO SUL,AS,CASA MAQUINAS,CMA,AR COMPRIMIDO,PP,Vasos de pressão,VE,Aeroderivativas,,,,,,
Transporte Marítmo,,OPERAÇÃO DE EMBARCAÇÕES DE PESQUISA,,EMBARCAÇÕES FROTA,,ATLANTICO SUL,AS,CASA MAQUINAS,CMA,AR COMPRIMIDO,PP,Vasos de pressão,VE,Secador,,,,,,
Transporte Marítmo,,OPERAÇÃO DE EMBARCAÇÕES DE PESQUISA,,EMBARCAÇÕES FROTA,,ATLANTICO SUL,AS,CASA MAQUINAS,CMA,AR COMPRIMIDO,PP,Vasos de pressão,VE,Pig trap,,,,,,
Transporte Marítmo,,OPERAÇÃO DE EMBARCAÇÕES DE PESQUISA,,EMBARCAÇÕES FROTA,,ATLANTICO SUL,AS,CASA MAQUINAS,CMA,AR COMPRIMIDO,PP,Vasos de pressão,VE,Corrente contínua,,,,,,
Transporte Marítmo,,OPERAÇÃO DE EMBARCAÇÕES DE PESQUISA,,EMBARCAÇÕES FROTA,,ATLANTICO SUL,AS,CASA MAQUINAS,CMA,AR COMPRIMIDO,PP,Vasos de pressão,VE,Saturador,,,,,,
Transporte Marítmo,,OPERAÇÃO DE EMBARCAÇÕES DE PESQUISA,,EMBARCAÇÕES FROTA,,ATLANTICO SUL,AS,CASA MAQUINAS,CMA,AR COMPRIMIDO,PP,Vasos de pressão,VE,Recíproco,,,,,,
Transporte Marítmo,,OPERAÇÃO DE EMBARCAÇÕES DE PESQUISA,,EMBARCAÇÕES FROTA,,ATLANTICO SUL,AS,CASA MAQUINAS,CMA,AR COMPRIMIDO,PP,Vasos de pressão,VE,Desaerador,,,,,,
Transporte Marítmo,,OPERAÇÃO DE EMBARCAÇÕES DE PESQUISA,,EMBARCAÇÕES FROTA,,ATLANTICO SUL,AS,CASA MAQUINAS,CMA,EXAUSTAO,PP,Tubulação,PI,Coalescedor,,,,,,
Transporte Marítmo,,OPERAÇÃO DE EMBARCAÇÕES DE PESQUISA,,EMBARCAÇÕES FROTA,,ATLANTICO SUL,AS,CASA MAQUINAS,CMA,EXAUSTAO,PP,Tubulação,PI,Turbinas a vapor,,,,,,
Transporte Marítmo,,OPERAÇÃO DE EMBARCAÇÕES DE PESQUISA,,EMBARCAÇÕES FROTA,,ATLANTICO SUL,AS,CASA MAQUINAS,CMA,EXAUSTAO,PP,Tubulação,PI,Aços de baixa liga alta resistência,,,,,,
Transporte Marítmo,,OPERAÇÃO DE EMBARCAÇÕES DE PESQUISA,,EMBARCAÇÕES FROTA,,ATLANTICO SUL,AS,CASA MAQUINAS,CMA,EXAUSTAO,PP,Tubulação,PI,Titânio,,,,,,
Transporte Marítmo,,OPERAÇÃO DE EMBARCAÇÕES DE PESQUISA,,EMBARCAÇÕES FROTA,,ATLANTICO SUL,AS,CASA MAQUINAS,CMA,EXAUSTAO,PP,Tubulação,PI,Polímeros incluindo reforçados com fibras,,,,,,
Transporte Marítmo,,OPERAÇÃO DE EMBARCAÇÕES DE PESQUISA,,EMBARCAÇÕES FROTA,,ATLANTICO SUL,AS,CASA MAQUINAS,CMA,EXAUSTAO,PP,Válvulas,VA,Outros,,,,,,
Transporte Marítmo,,OPERAÇÃO DE EMBARCAÇÕES DE PESQUISA,,EMBARCAÇÕES FROTA,,ATLANTICO SUL,AS,CASA MAQUINAS,CMA,EXAUSTAO,PP,Válvulas,VA,Gaveta,,,,,,
Transporte Marítmo,,OPERAÇÃO DE EMBARCAÇÕES DE PESQUISA,,EMBARCAÇÕES FROTA,,ATLANTICO SUL,AS,CASA MAQUINAS,CMA,EXAUSTAO,PP,Válvulas,VA,Globo,,,,,,
Transporte Marítmo,,OPERAÇÃO DE EMBARCAÇÕES DE PESQUISA,,EMBARCAÇÕES FROTA,,ATLANTICO SUL,AS,CASA MAQUINAS,CMA,EXAUSTAO,PP,Válvulas,VA,Borboleta,,,,,,
Transporte Marítmo,,OPERAÇÃO DE EMBARCAÇÕES DE PESQUISA,,EMBARCAÇÕES FROTA,,ATLANTICO SUL,AS,CASA MAQUINAS,CMA,EXAUSTAO,PP,Válvulas,VA,Plugue,,,,,,
Transporte Marítmo,,OPERAÇÃO DE EMBARCAÇÕES DE PESQUISA,,EMBARCAÇÕES FROTA,,ATLANTICO SUL,AS,CASA MAQUINAS,CMA,EXAUSTAO,PP,Válvulas,VA,Agulha,,,,,,
Transporte Marítmo,,OPERAÇÃO DE EMBARCAÇÕES DE PESQUISA,,EMBARCAÇÕES FROTA,,ATLANTICO SUL,AS,CASA MAQUINAS,CMA,EXAUSTAO,PP,Válvulas,VA,Retenção,,,,,,
Transporte Marítmo,,OPERAÇÃO DE EMBARCAÇÕES DE PESQUISA,,EMBARCAÇÕES FROTA,,ATLANTICO SUL,AS,CASA MAQUINAS,CMA,EXAUSTAO,PP,Válvulas,VA,Deslocamento,,,,,,
Transporte Marítmo,,OPERAÇÃO DE EMBARCAÇÕES DE PESQUISA,,EMBARCAÇÕES FROTA,,ATLANTICO SUL,AS,CASA MAQUINAS,CMA,EXAUSTAO,PP,Válvulas,VA,Flapper,,,,,,
Transporte Marítmo,,OPERAÇÃO DE EMBARCAÇÕES DE PESQUISA,,EMBARCAÇÕES FROTA,,ATLANTICO SUL,AS,CASA MAQUINAS,CMA,EXAUSTAO,PP,Válvulas,VA,Orifício múltiplo,,,,,,
Transporte Marítmo,,OPERAÇÃO DE EMBARCAÇÕES DE PESQUISA,,EMBARCAÇÕES FROTA,,ATLANTICO SUL,AS,CASA MAQUINAS,CMA,EXAUSTAO,PP,Válvulas,VA,Três vias,,,,,,
Transporte Marítmo,,OPERAÇÃO DE EMBARCAÇÕES DE PESQUISA,,EMBARCAÇÕES FROTA,,ATLANTICO SUL,AS,CASA MAQUINAS,CMA,EXAUSTAO,PP,Válvulas,VA,Parafuso,,,,,,
Transporte Marítmo,,OPERAÇÃO DE EMBARCAÇÕES DE PESQUISA,,EMBARCAÇÕES FROTA,,ATLANTICO SUL,AS,CASA MAQUINAS,CMA,EXAUSTAO,PP,Válvulas,VA,Scrubber,,,,,,
Transporte Marítmo,,OPERAÇÃO DE EMBARCAÇÕES DE PESQUISA,,EMBARCAÇÕES FROTA,,ATLANTICO SUL,AS,CASA MAQUINAS,CMA,EXAUSTAO,PP,Válvulas,VA,Stripper,,,,,,
Transporte Marítmo,,OPERAÇÃO DE EMBARCAÇÕES DE PESQUISA,,EMBARCAÇÕES FROTA,,ATLANTICO SUL,AS,CASA MAQUINAS,CMA,EXAUSTAO,PP,Válvulas,VA,PSV alívio a vácuo,,,,,,
Transporte Marítmo,,OPERAÇÃO DE EMBARCAÇÕES DE PESQUISA,,EMBARCAÇÕES FROTA,,ATLANTICO SUL,AS,CASA MAQUINAS,CMA,EXAUSTAO,PP,Válvulas,VA,Circuito impresso,,,,,,
Transporte Marítmo,,OPERAÇÃO DE EMBARCAÇÕES DE PESQUISA,,EMBARCAÇÕES FROTA,,ATLANTICO SUL,AS,CASA MAQUINAS,CMA,EXAUSTAO,PP,Válvulas,VA,Elétrico/sinal,,,,,,
Transporte Marítmo,,OPERAÇÃO DE EMBARCAÇÕES DE PESQUISA,,EMBARCAÇÕES FROTA,,ATLANTICO SUL,AS,CASA MAQUINAS,CMA,EXAUSTAO,PP,Válvulas,VA,Deslocamento,,,,,,
Transporte Marítmo,,OPERAÇÃO DE EMBARCAÇÕES DE PESQUISA,,EMBARCAÇÕES FROTA,,ATLANTICO SUL,AS,CASA MAQUINAS,CMA,EXAUSTAO,PP,Válvulas,VA,Axial,,,,,,
Transporte Marítmo,,OPERAÇÃO DE EMBARCAÇÕES DE PESQUISA,,EMBARCAÇÕES FROTA,,ATLANTICO SUL,AS,CASA MAQUINAS,CMA,EXAUSTAO,PP,Válvulas,VA,Tubulação,,,,,,
Transporte Marítmo,,OPERAÇÃO DE EMBARCAÇÕES DE PESQUISA,,EMBARCAÇÕES FROTA,,ATLANTICO SUL,AS,CASA MAQUINAS,CMA,EXAUSTAO,PP,Válvulas,VA,Outros,,,,,,
Transporte Marítmo,,OPERAÇÃO DE EMBARCAÇÕES DE PESQUISA,,EMBARCAÇÕES FROTA,,ATLANTICO SUL,AS,CASA MAQUINAS,CMA,CONTROLE E AUTOMACAO,PP,Instrumentação - Instrumentos de medição,IP,Pressão,,,,,,
Transporte Marítmo,,OPERAÇÃO DE EMBARCAÇÕES DE PESQUISA,,EMBARCAÇÕES FROTA,,ATLANTICO SUL,AS,CASA MAQUINAS,CMA,CONTROLE E AUTOMACAO,PP,Instrumentação - Instrumentos de medição,IP,Nível,,,,,,
Transporte Marítmo,,OPERAÇÃO DE EMBARCAÇÕES DE PESQUISA,,EMBARCAÇÕES FROTA,,ATLANTICO SUL,AS,CASA MAQUINAS,CMA,CONTROLE E AUTOMACAO,PP,Instrumentação - Instrumentos de medição,IP,Temperatura,,,,,,
Transporte Marítmo,,OPERAÇÃO DE EMBARCAÇÕES DE PESQUISA,,EMBARCAÇÕES FROTA,,ATLANTICO SUL,AS,CASA MAQUINAS,CMA,CONTROLE E AUTOMACAO,PP,Instrumentação - Instrumentos de medição,IP,Vazão,,,,,,
Transporte Marítmo,,OPERAÇÃO DE EMBARCAÇÕES DE PESQUISA,,EMBARCAÇÕES FROTA,,ATLANTICO SUL,AS,CASA MAQUINAS,CMA,CONTROLE E AUTOMACAO,PP,Instrumentação - Instrumentos de medição,IP,Stripper,,,,,,
Transporte Marítmo,,OPERAÇÃO DE EMBARCAÇÕES DE PESQUISA,,EMBARCAÇÕES FROTA,,ATLANTICO SUL,AS,CASA MAQUINAS,CMA,CONTROLE E AUTOMACAO,PP,Instrumentação - Instrumentos de medição,IP,Vibração,,,,,,
Transporte Marítmo,,OPERAÇÃO DE EMBARCAÇÕES DE PESQUISA,,EMBARCAÇÕES FROTA,,ATLANTICO SUL,AS,CASA MAQUINAS,CMA,CONTROLE E AUTOMACAO,PP,Instrumentação - Instrumentos de medição,IP,Deslocamento,,,,,,
Transporte Marítmo,,OPERAÇÃO DE EMBARCAÇÕES DE PESQUISA,,EMBARCAÇÕES FROTA,,ATLANTICO SUL,AS,CASA MAQUINAS,CMA,CONTROLE E AUTOMACAO,PP,Instrumentação - Instrumentos de medição,IP,Analisador,,,,,,
Transporte Marítmo,,OPERAÇÃO DE EMBARCAÇÕES DE PESQUISA,,EMBARCAÇÕES FROTA,,ATLANTICO SUL,AS,CASA MAQUINAS,CMA,CONTROLE E AUTOMACAO,PP,Instrumentação - Instrumentos de medição,IP,Peso,,,,,,
Transporte Marítmo,,OPERAÇÃO DE EMBARCAÇÕES DE PESQUISA,,EMBARCAÇÕES FROTA,,ATLANTICO SUL,AS,CASA MAQUINAS,CMA,CONTROLE E AUTOMACAO,PP,Instrumentação - Instrumentos de medição,IP,Chave de limite,,,,,,
Transporte Marítmo,,OPERAÇÃO DE EMBARCAÇÕES DE PESQUISA,,EMBARCAÇÕES FROTA,,ATLANTICO SUL,AS,CASA MAQUINAS,CMA,CONTROLE E AUTOMACAO,PP,Instrumentação - Instrumentos de medição,IP,Liga/desliga (botão),,,,,,
Transporte Marítmo,,OPERAÇÃO DE EMBARCAÇÕES DE PESQUISA,,EMBARCAÇÕES FROTA,,ATLANTICO SUL,AS,CASA MAQUINAS,CMA,CONTROLE E AUTOMACAO,PP,Instrumentação - Instrumentos de medição,IP,Imerso em óleo,,,,,,
Transporte Marítmo,,OPERAÇÃO DE EMBARCAÇÕES DE PESQUISA,,EMBARCAÇÕES FROTA,,ATLANTICO SUL,AS,CASA MAQUINAS,CMA,CONTROLE E AUTOMACAO,PP,Instrumentação - Instrumentos de medição,IP,Volume,,,,,,
Transporte Marítmo,,OPERAÇÃO DE EMBARCAÇÕES DE PESQUISA,,EMBARCAÇÕES FROTA,,ATLANTICO SUL,AS,CASA MAQUINAS,CMA,CONTROLE E AUTOMACAO,PP,Instrumentação - Instrumentos de medição,IP,Densidade,,,,,,
Transporte Marítmo,,OPERAÇÃO DE EMBARCAÇÕES DE PESQUISA,,EMBARCAÇÕES FROTA,,ATLANTICO SUL,AS,CASA MAQUINAS,CMA,CONTROLE E AUTOMACAO,PP,Automação - Unidades de controle lógico,CL,CLP – Controlador Lógico Programável,,,,,,
Transporte Marítmo,,OPERAÇÃO DE EMBARCAÇÕES DE PESQUISA,,EMBARCAÇÕES FROTA,,ATLANTICO SUL,AS,CASA MAQUINAS,CMA,CONTROLE E AUTOMACAO,PP,Automação - Unidades de controle lógico,CL,Circuito impresso,,,,,,
Transporte Marítmo,,OPERAÇÃO DE EMBARCAÇÕES DE PESQUISA,,EMBARCAÇÕES FROTA,,ATLANTICO SUL,AS,CASA MAQUINAS,CMA,CONTROLE E AUTOMACAO,PP,Automação - Unidades de controle lógico,CL,Corrente contínua,,,,,,
Transporte Marítmo,,OPERAÇÃO DE EMBARCAÇÕES DE PESQUISA,,EMBARCAÇÕES FROTA,,ATLANTICO SUL,AS,CASA MAQUINAS,CMA,CONTROLE E AUTOMACAO,PP,Automação - Unidades de controle lógico,CL,Sem teto,,,,,,
Transporte Marítmo,,OPERAÇÃO DE EMBARCAÇÕES DE PESQUISA,,EMBARCAÇÕES FROTA,,ATLANTICO SUL,AS,CASA MAQUINAS,CMA,CONTROLE E AUTOMACAO,PP,Automação - Unidades de controle lógico,CL,Monoetapa,,,,,,
Transporte Marítmo,,OPERAÇÃO DE EMBARCAÇÕES DE PESQUISA,,EMBARCAÇÕES FROTA,,ATLANTICO SUL,AS,CASA MAQUINAS,CMA,CONTROLE E AUTOMACAO,PP,Automação - Unidades de controle lógico,CL,Controlador de malha única,,,,,,
Transporte Marítmo,,OPERAÇÃO DE EMBARCAÇÕES DE PESQUISA,,EMBARCAÇÕES FROTA,,ATLANTICO SUL,AS,CASA MAQUINAS,CMA,CONTROLE E AUTOMACAO,PP,Automação - Unidades de controle lógico,CL,Controlador de automação programável,,,,,,
Transporte Marítmo,,OPERAÇÃO DE EMBARCAÇÕES DE PESQUISA,,EMBARCAÇÕES FROTA,,ATLANTICO SUL,AS,CONVES,CMA,CARGA E DESCARGA,PP,Guindastes,CR,Eletro-hidráulico,,,,,,
Transporte Marítmo,,OPERAÇÃO DE EMBARCAÇÕES DE PESQUISA,,EMBARCAÇÕES FROTA,,ATLANTICO SUL,AS,CONVES,CMA,CARGA E DESCARGA,PP,Guindastes,CR,Diesel-hidráulico,,,,,,
Transporte Marítmo,,OPERAÇÃO DE EMBARCAÇÕES DE PESQUISA,,EMBARCAÇÕES FROTA,,ATLANTICO SUL,AS,CONVES,CMA,CARGA E DESCARGA,PP,Braços de carregamento,LA,Espiral,,,,,,
Transporte Marítmo,,OPERAÇÃO DE EMBARCAÇÕES DE PESQUISA,,EMBARCAÇÕES FROTA,,ATLANTICO SUL,AS,CONVES,CMA,CARGA E DESCARGA,PP,Transportadores e elevadores,CV,,,,,,,
Transporte Marítmo,,OPERAÇÃO DE EMBARCAÇÕES DE PESQUISA,,EMBARCAÇÕES FROTA,,ATLANTICO SUL,AS,CONVES,CMA,HIDRAULICO,PP,Unidade de potência hidráulica (HPU),HP,,,,,,,
Transporte Marítmo,,OPERAÇÃO DE EMBARCAÇÕES DE PESQUISA,,EMBARCAÇÕES FROTA,,ATLANTICO SUL,AS,CONVES,CMA,HIDRAULICO,PP,Tubulação,PI,Coalescedor,,,,,,
Transporte Marítmo,,OPERAÇÃO DE EMBARCAÇÕES DE PESQUISA,,EMBARCAÇÕES FROTA,,ATLANTICO SUL,AS,CONVES,CMA,HIDRAULICO,PP,Tubulação,PI,Turbinas a vapor,,,,,,
Transporte Marítmo,,OPERAÇÃO DE EMBARCAÇÕES DE PESQUISA,,EMBARCAÇÕES FROTA,,ATLANTICO SUL,AS,CONVES,CMA,HIDRAULICO,PP,Tubulação,PI,Aços de baixa liga alta resistência,,,,,,
Transporte Marítmo,,OPERAÇÃO DE EMBARCAÇÕES DE PESQUISA,,EMBARCAÇÕES FROTA,,ATLANTICO SUL,AS,CONVES,CMA,HIDRAULICO,PP,Tubulação,PI,Titânio,,,,,,
Transporte Marítmo,,OPERAÇÃO DE EMBARCAÇÕES DE PESQUISA,,EMBARCAÇÕES FROTA,,ATLANTICO SUL,AS,CONVES,CMA,HIDRAULICO,PP,Tubulação,PI,Polímeros incluindo reforçados com fibras,,,,,,
Transporte Marítmo,,OPERAÇÃO DE EMBARCAÇÕES DE PESQUISA,,EMBARCAÇÕES FROTA,,ATLANTICO SUL,AS,CONVES,CMA,HIDRAULICO,PP,Válvulas,VA,Outros,,,,,,
Transporte Marítmo,,OPERAÇÃO DE EMBARCAÇÕES DE PESQUISA,,EMBARCAÇÕES FROTA,,ATLANTICO SUL,AS,CONVES,CMA,HIDRAULICO,PP,Válvulas,VA,Gaveta,,,,,,
Transporte Marítmo,,OPERAÇÃO DE EMBARCAÇÕES DE PESQUISA,,EMBARCAÇÕES FROTA,,ATLANTICO SUL,AS,CONVES,CMA,HIDRAULICO,PP,Válvulas,VA,Globo,,,,,,
Transporte Marítmo,,OPERAÇÃO DE EMBARCAÇÕES DE PESQUISA,,EMBARCAÇÕES FROTA,,ATLANTICO SUL,AS,CONVES,CMA,HIDRAULICO,PP,Válvulas,VA,Borboleta,,,,,,
Transporte Marítmo,,OPERAÇÃO DE EMBARCAÇÕES DE PESQUISA,,EMBARCAÇÕES FROTA,,ATLANTICO SUL,AS,CONVES,CMA,HIDRAULICO,PP,Válvulas,VA,Plugue,,,,,,
Transporte Marítmo,,OPERAÇÃO DE EMBARCAÇÕES DE PESQUISA,,EMBARCAÇÕES FROTA,,ATLANTICO SUL,AS,CONVES,CMA,HIDRAULICO,PP,Válvulas,VA,Agulha,,,,,,
Transporte Marítmo,,OPERAÇÃO DE EMBARCAÇÕES DE PESQUISA,,EMBARCAÇÕES FROTA,,ATLANTICO SUL,AS,CONVES,CMA,HIDRAULICO,PP,Válvulas,VA,Retenção,,,,,,
Transporte Marítmo,,OPERAÇÃO DE EMBARCAÇÕES DE PESQUISA,,EMBARCAÇÕES FROTA,,ATLANTICO SUL,AS,CONVES,CMA,HIDRAULICO,PP,Válvulas,VA,Deslocamento,,,,,,
Transporte Marítmo,,OPERAÇÃO DE EMBARCAÇÕES DE PESQUISA,,EMBARCAÇÕES FROTA,,ATLANTICO SUL,AS,CONVES,CMA,HIDRAULICO,PP,Válvulas,VA,Flapper,,,,,,
Transporte Marítmo,,OPERAÇÃO DE EMBARCAÇÕES DE PESQUISA,,EMBARCAÇÕES FROTA,,ATLANTICO SUL,AS,CONVES,CMA,HIDRAULICO,PP,Válvulas,VA,Orifício múltiplo,,,,,,
Transporte Marítmo,,OPERAÇÃO DE EMBARCAÇÕES DE PESQUISA,,EMBARCAÇÕES FROTA,,ATLANTICO SUL,AS,CONVES,CMA,HIDRAULICO,PP,Válvulas,VA,Três vias,,,,,,
Transporte Marítmo,,OPERAÇÃO DE EMBARCAÇÕES DE PESQUISA,,EMBARCAÇÕES FROTA,,ATLANTICO SUL,AS,CONVES,CMA,HIDRAULICO,PP,Válvulas,VA,Parafuso,,,,,,
Transporte Marítmo,,OPERAÇÃO DE EMBARCAÇÕES DE PESQUISA,,EMBARCAÇÕES FROTA,,ATLANTICO SUL,AS,CONVES,CMA,HIDRAULICO,PP,Válvulas,VA,Scrubber,,,,,,
Transporte Marítmo,,OPERAÇÃO DE EMBARCAÇÕES DE PESQUISA,,EMBARCAÇÕES FROTA,,ATLANTICO SUL,AS,CONVES,CMA,HIDRAULICO,PP,Válvulas,VA,Stripper,,,,,,
Transporte Marítmo,,OPERAÇÃO DE EMBARCAÇÕES DE PESQUISA,,EMBARCAÇÕES FROTA,,ATLANTICO SUL,AS,CONVES,CMA,HIDRAULICO,PP,Válvulas,VA,PSV alívio a vácuo,,,,,,
Transporte Marítmo,,OPERAÇÃO DE EMBARCAÇÕES DE PESQUISA,,EMBARCAÇÕES FROTA,,ATLANTICO SUL,AS,CONVES,CMA,HIDRAULICO,PP,Válvulas,VA,Circuito impresso,,,,,,
Transporte Marítmo,,OPERAÇÃO DE EMBARCAÇÕES DE PESQUISA,,EMBARCAÇÕES FROTA,,ATLANTICO SUL,AS,CONVES,CMA,HIDRAULICO,PP,Válvulas,VA,Elétrico/sinal,,,,,,
Transporte Marítmo,,OPERAÇÃO DE EMBARCAÇÕES DE PESQUISA,,EMBARCAÇÕES FROTA,,ATLANTICO SUL,AS,CONVES,CMA,HIDRAULICO,PP,Válvulas,VA,Deslocamento,,,,,,
Transporte Marítmo,,OPERAÇÃO DE EMBARCAÇÕES DE PESQUISA,,EMBARCAÇÕES FROTA,,ATLANTICO SUL,AS,CONVES,CMA,HIDRAULICO,PP,Válvulas,VA,Axial,,,,,,
Transporte Marítmo,,OPERAÇÃO DE EMBARCAÇÕES DE PESQUISA,,EMBARCAÇÕES FROTA,,ATLANTICO SUL,AS,CONVES,CMA,HIDRAULICO,PP,Válvulas,VA,Tubulação,,,,,,
Transporte Marítmo,,OPERAÇÃO DE EMBARCAÇÕES DE PESQUISA,,EMBARCAÇÕES FROTA,,ATLANTICO SUL,AS,CONVES,CMA,HIDRAULICO,PP,Válvulas,VA,Outros,,,,,,
Transporte Marítmo,,OPERAÇÃO DE EMBARCAÇÕES DE PESQUISA,,EMBARCAÇÕES FROTA,,ATLANTICO SUL,AS,CONVES,CMA,FUNDEIO,PP,Molinete de âncora e equipamento de amarração,AM,,,,,,,
Transporte Marítmo,,OPERAÇÃO DE EMBARCAÇÕES DE PESQUISA,,EMBARCAÇÕES FROTA,,ATLANTICO SUL,AS,CONVES,CMA,FUNDEIO,PP,Guinchos,WI,Guincho elétrico,,,,,,
Transporte Marítmo,,OPERAÇÃO DE EMBARCAÇÕES DE PESQUISA,,EMBARCAÇÕES FROTA,,ATLANTICO SUL,AS,CONVES,CMA,FUNDEIO,PP,Guinchos,WI,Guincho hidráulico,,,,,,
,,,,,,ATLANTICO SUL,AS,CONVES,CMA,FUNDEIO,PP,Âncora,AN,,,,,Guinchos,WI,Guincho elétrico
Transporte Marítmo,,OPERAÇÃO DE EMBARCAÇÕES DE PESQUISA,,EMBARCAÇÕES FROTA,,ATLANTICO SUL,AS,CONVES,CMA,SEGURANCA,PP,Botes salva-vidas,LB,Queda livre,,,,,,
Transporte Marítmo,,OPERAÇÃO DE EMBARCAÇÕES DE PESQUISA,,EMBARCAÇÕES FROTA,,ATLANTICO SUL,AS,CONVES,CMA,SEGURANCA,PP,Botes salva-vidas,LB,Lançamento por guincho,,,,,,
Transporte Marítmo,,OPERAÇÃO DE EMBARCAÇÕES DE PESQUISA,,EMBARCAÇÕES FROTA,,ATLANTICO SUL,AS,CONVES,CMA,SEGURANCA,PP,Equipamento de comunicação de emergência,EC,,,,,,,
Transporte Marítmo,,OPERAÇÃO DE EMBARCAÇÕES DE PESQUISA,,EMBARCAÇÕES FROTA,,ATLANTICO SUL,AS,CONVES,CMA,COMBATE A INCENDIO,PP,Detectores de incêndio,FGA,Fumaça/combustão,,,,,,
Transporte Marítmo,,OPERAÇÃO DE EMBARCAÇÕES DE PESQUISA,,EMBARCAÇÕES FROTA,,ATLANTICO SUL,AS,CONVES,CMA,COMBATE A INCENDIO,PP,Detectores de incêndio,FGA,Aquecedor,,,,,,
Transporte Marítmo,,OPERAÇÃO DE EMBARCAÇÕES DE PESQUISA,,EMBARCAÇÕES FROTA,,ATLANTICO SUL,AS,CONVES,CMA,COMBATE A INCENDIO,PP,Detectores de incêndio,FGA,Chama,,,,,,
Transporte Marítmo,,OPERAÇÃO DE EMBARCAÇÕES DE PESQUISA,,EMBARCAÇÕES FROTA,,ATLANTICO SUL,AS,CONVES,CMA,COMBATE A INCENDIO,PP,Detectores de incêndio,FGA,Botão manual,,,,,,
Transporte Marítmo,,OPERAÇÃO DE EMBARCAÇÕES DE PESQUISA,,EMBARCAÇÕES FROTA,,ATLANTICO SUL,AS,CONVES,CMA,COMBATE A INCENDIO,PP,Detectores de incêndio,FGA,Outros,,,,,,
Transporte Marítmo,,OPERAÇÃO DE EMBARCAÇÕES DE PESQUISA,,EMBARCAÇÕES FROTA,,ATLANTICO SUL,AS,CONVES,CMA,COMBATE A INCENDIO,PP,Detectores de gases,FGB,Hidrocarbonetos,,,,,,
Transporte Marítmo,,OPERAÇÃO DE EMBARCAÇÕES DE PESQUISA,,EMBARCAÇÕES FROTA,,ATLANTICO SUL,AS,CONVES,CMA,COMBATE A INCENDIO,PP,Detectores de gases,FGB,Saturador,,,,,,
Transporte Marítmo,,OPERAÇÃO DE EMBARCAÇÕES DE PESQUISA,,EMBARCAÇÕES FROTA,,ATLANTICO SUL,AS,CONVES,CMA,COMBATE A INCENDIO,PP,Detectores de gases,FGB,Outros,,,,,,
Transporte Marítmo,,OPERAÇÃO DE EMBARCAÇÕES DE PESQUISA,,EMBARCAÇÕES FROTA,,ATLANTICO SUL,AS,CONVES,CMA,COMBATE A INCENDIO,PP,Detector de fogo e gás,FG,,,,,,,
Transporte Marítmo,,OPERAÇÃO DE EMBARCAÇÕES DE PESQUISA,,EMBARCAÇÕES FROTA,,ATLANTICO SUL,AS,CONVES,CMA,COMBATE A INCENDIO,PP,Bicos,NO,Dilúvio,,,,,,
Transporte Marítmo,,OPERAÇÃO DE EMBARCAÇÕES DE PESQUISA,,EMBARCAÇÕES FROTA,,ATLANTICO SUL,AS,CONVES,CMA,COMBATE A INCENDIO,PP,Bicos,NO,Sprinkler,,,,,,
Transporte Marítmo,,OPERAÇÃO DE EMBARCAÇÕES DE PESQUISA,,EMBARCAÇÕES FROTA,,ATLANTICO SUL,AS,CONVES,CMA,COMBATE A INCENDIO,PP,Bicos,NO,Névoa d’água,,,,,,
Transporte Marítmo,,OPERAÇÃO DE EMBARCAÇÕES DE PESQUISA,,EMBARCAÇÕES FROTA,,ATLANTICO SUL,AS,CONVES,CMA,COMBATE A INCENDIO,PP,Bicos,NO,Gaveta,,,,,,
Transporte Marítmo,,OPERAÇÃO DE EMBARCAÇÕES DE PESQUISA,,EMBARCAÇÕES FROTA,,ATLANTICO SUL,AS,CONVES,CMA,DRENAGEM,PP,Tubulação,PI,Coalescedor,,,,,,
Transporte Marítmo,,OPERAÇÃO DE EMBARCAÇÕES DE PESQUISA,,EMBARCAÇÕES FROTA,,ATLANTICO SUL,AS,CONVES,CMA,DRENAGEM,PP,Tubulação,PI,Turbinas a vapor,,,,,,
Transporte Marítmo,,OPERAÇÃO DE EMBARCAÇÕES DE PESQUISA,,EMBARCAÇÕES FROTA,,ATLANTICO SUL,AS,CONVES,CMA,DRENAGEM,PP,Tubulação,PI,Aços de baixa liga alta resistência,,,,,,
Transporte Marítmo,,OPERAÇÃO DE EMBARCAÇÕES DE PESQUISA,,EMBARCAÇÕES FROTA,,ATLANTICO SUL,AS,CONVES,CMA,DRENAGEM,PP,Tubulação,PI,Titânio,,,,,,
Transporte Marítmo,,OPERAÇÃO DE EMBARCAÇÕES DE PESQUISA,,EMBARCAÇÕES FROTA,,ATLANTICO SUL,AS,CONVES,CMA,DRENAGEM,PP,Tubulação,PI,Polímeros incluindo reforçados com fibras,,,,,,
Transporte Marítmo,,OPERAÇÃO DE EMBARCAÇÕES DE PESQUISA,,EMBARCAÇÕES FROTA,,ATLANTICO SUL,AS,CONVES,CMA,DRENAGEM,PP,Bomba,PU,Centrífugo,,Vertical Monoestágio,,,,
Transporte Marítmo,,OPERAÇÃO DE EMBARCAÇÕES DE PESQUISA,,EMBARCAÇÕES FROTA,,ATLANTICO SUL,AS,CONVES,CMA,DRENAGEM,PP,Bomba,PU,Centrífugo,,Vertical Multiestágio,,,,
Transporte Marítmo,,OPERAÇÃO DE EMBARCAÇÕES DE PESQUISA,,EMBARCAÇÕES FROTA,,ATLANTICO SUL,AS,CONVES,CMA,DRENAGEM,PP,Bomba,PU,Centrífugo,,Horizontal Monoestágio,,,,
Transporte Marítmo,,OPERAÇÃO DE EMBARCAÇÕES DE PESQUISA,,EMBARCAÇÕES FROTA,,ATLANTICO SUL,AS,CONVES,CMA,DRENAGEM,PP,Bomba,PU,Centrífugo,,Horizontal Multiestágio,,,,
Transporte Marítmo,,OPERAÇÃO DE EMBARCAÇÕES DE PESQUISA,,EMBARCAÇÕES FROTA,,ATLANTICO SUL,AS,CONVES,CMA,DRENAGEM,PP,Bomba,PU,Centrífugo,,Submersa Monoestágio,,,,
Transporte Marítmo,,OPERAÇÃO DE EMBARCAÇÕES DE PESQUISA,,EMBARCAÇÕES FROTA,,ATLANTICO SUL,AS,CONVES,CMA,DRENAGEM,PP,Bomba,PU,Centrífugo,,Submersa Multiestágio,,,,
Transporte Marítmo,,OPERAÇÃO DE EMBARCAÇÕES DE PESQUISA,,EMBARCAÇÕES FROTA,,ATLANTICO SUL,AS,CONVES,CMA,DRENAGEM,PP,Bomba,PU,Recíproco,,Pistão,,,,
Transporte Marítmo,,OPERAÇÃO DE EMBARCAÇÕES DE PESQUISA,,EMBARCAÇÕES FROTA,,ATLANTICO SUL,AS,CONVES,CMA,DRENAGEM,PP,Bomba,PU,Recíproco,,Diafragma,,,,
Transporte Marítmo,,OPERAÇÃO DE EMBARCAÇÕES DE PESQUISA,,EMBARCAÇÕES FROTA,,ATLANTICO SUL,AS,CONVES,CMA,DRENAGEM,PP,Bomba,PU,Recíproco,,Êmbolo,,,,
Transporte Marítmo,,OPERAÇÃO DE EMBARCAÇÕES DE PESQUISA,,EMBARCAÇÕES FROTA,,ATLANTICO SUL,AS,CONVES,CMA,DRENAGEM,PP,Bomba,PU,Rotativa,,Engrenagem,,,,
Transporte Marítmo,,OPERAÇÃO DE EMBARCAÇÕES DE PESQUISA,,EMBARCAÇÕES FROTA,,ATLANTICO SUL,AS,CONVES,CMA,DRENAGEM,PP,Bomba,PU,Rotativa,,Palheta,,,,
Transporte Marítmo,,OPERAÇÃO DE EMBARCAÇÕES DE PESQUISA,,EMBARCAÇÕES FROTA,,ATLANTICO SUL,AS,CONVES,CMA,DRENAGEM,PP,Bomba,PU,Rotativa,,Parafuso,,,,
Transporte Marítmo,,OPERAÇÃO DE EMBARCAÇÕES DE PESQUISA,,EMBARCAÇÕES FROTA,,ATLANTICO SUL,AS,CONVES,CMA,DRENAGEM,PP,Bomba,PU,Rotativa,,Lóbulos,,,,
Transporte Marítmo,,OPERAÇÃO DE EMBARCAÇÕES DE PESQUISA,,EMBARCAÇÕES FROTA,,ATLANTICO SUL,AS,CONVES,CMA,DRENAGEM,PP,Bomba,PU,Rotativa,,Peristáltica,,,,
Transporte Marítmo,,OPERAÇÃO DE EMBARCAÇÕES DE PESQUISA,,EMBARCAÇÕES FROTA,,ATLANTICO SUL,AS,CONVES,CMA,DRENAGEM,PP,Bomba,PU,Rotativa,,Helicoidal,,,,
Transporte Marítmo,,OPERAÇÃO DE EMBARCAÇÕES DE PESQUISA,,EMBARCAÇÕES FROTA,,ATLANTICO SUL,AS,CONVES,CMA,ILUMINACAO,PP,Cabos de energia e terminações (topside/terrestre),PC,,,,,,,
Transporte Marítmo,,OPERAÇÃO DE EMBARCAÇÕES DE PESQUISA,,EMBARCAÇÕES FROTA,,ATLANTICO SUL,AS,PROA,CMA,ANCORAGEM,PP,Molinete de âncora e equipamento de amarração,AM,,,,,,,
Transporte Marítmo,,OPERAÇÃO DE EMBARCAÇÕES DE PESQUISA,,EMBARCAÇÕES FROTA,,ATLANTICO SUL,AS,PROA,CMA,ANCORAGEM,PP,Guinchos,WI,Guincho elétrico,,,,,,
Transporte Marítmo,,OPERAÇÃO DE EMBARCAÇÕES DE PESQUISA,,EMBARCAÇÕES FROTA,,ATLANTICO SUL,AS,PROA,CMA,ANCORAGEM,PP,Guinchos,WI,Guincho hidráulico,,,,,,
Transporte Marítmo,,OPERAÇÃO DE EMBARCAÇÕES DE PESQUISA,,EMBARCAÇÕES FROTA,,ATLANTICO SUL,AS,PROA,CMA,AMARRACAO,PP,Guinchos,WI,Guincho elétrico,,,,,,
Transporte Marítmo,,OPERAÇÃO DE EMBARCAÇÕES DE PESQUISA,,EMBARCAÇÕES FROTA,,ATLANTICO SUL,AS,PROA,CMA,AMARRACAO,PP,Guinchos,WI,Guincho hidráulico,,,,,,
Transporte Marítmo,,OPERAÇÃO DE EMBARCAÇÕES DE PESQUISA,,EMBARCAÇÕES FROTA,,ATLANTICO SUL,AS,PROA,CMA,ILUMINACAO NAVEGACAO,PP,Cabos de energia e terminações (topside/terrestre),PC,,,,,,,
Transporte Marítmo,,OPERAÇÃO DE EMBARCAÇÕES DE PESQUISA,,EMBARCAÇÕES FROTA,,ATLANTICO SUL,AS,PROA,CMA,ESTRUTURAL,PP,Tubulação,PI,Coalescedor,,,,,,
Transporte Marítmo,,OPERAÇÃO DE EMBARCAÇÕES DE PESQUISA,,EMBARCAÇÕES FROTA,,ATLANTICO SUL,AS,PROA,CMA,ESTRUTURAL,PP,Tubulação,PI,Turbinas a vapor,,,,,,
Transporte Marítmo,,OPERAÇÃO DE EMBARCAÇÕES DE PESQUISA,,EMBARCAÇÕES FROTA,,ATLANTICO SUL,AS,PROA,CMA,ESTRUTURAL,PP,Tubulação,PI,Aços de baixa liga alta resistência,,,,,,
Transporte Marítmo,,OPERAÇÃO DE EMBARCAÇÕES DE PESQUISA,,EMBARCAÇÕES FROTA,,ATLANTICO SUL,AS,PROA,CMA,ESTRUTURAL,PP,Tubulação,PI,Titânio,,,,,,
Transporte Marítmo,,OPERAÇÃO DE EMBARCAÇÕES DE PESQUISA,,EMBARCAÇÕES FROTA,,ATLANTICO SUL,AS,PROA,CMA,ESTRUTURAL,PP,Tubulação,PI,Polímeros incluindo reforçados com fibras,,,,,,
Transporte Marítmo,,OPERAÇÃO DE EMBARCAÇÕES DE PESQUISA,,EMBARCAÇÕES FROTA,,ATLANTICO SUL,AS,POPA,CMA,PROPULSAO,PP,Propulsores (thrusters),TH,,,,,,,
Transporte Marítmo,,OPERAÇÃO DE EMBARCAÇÕES DE PESQUISA,,EMBARCAÇÕES FROTA,,ATLANTICO SUL,AS,POPA,CMA,PROPULSAO,PP,Motor,MT,Hidráulico,,,,,,
Transporte Marítmo,,OPERAÇÃO DE EMBARCAÇÕES DE PESQUISA,,EMBARCAÇÕES FROTA,,ATLANTICO SUL,AS,POPA,CMA,PROPULSAO,PP,Motor,MT,Pneumático,,,,,,
Transporte Marítmo,,OPERAÇÃO DE EMBARCAÇÕES DE PESQUISA,,EMBARCAÇÕES FROTA,,ATLANTICO SUL,AS,POPA,CMA,PROPULSAO,PP,Motor,MT,Elétrico,,,,,,
Transporte Marítmo,,OPERAÇÃO DE EMBARCAÇÕES DE PESQUISA,,EMBARCAÇÕES FROTA,,ATLANTICO SUL,AS,POPA,CMA,PROPULSAO,PP,Motor,MT,Combustão,,,,,,
Transporte Marítmo,,OPERAÇÃO DE EMBARCAÇÕES DE PESQUISA,,EMBARCAÇÕES FROTA,,ATLANTICO SUL,AS,POPA,CMA,GOVERNO (LEME),PP,,,,,,,,,
Transporte Marítmo,,OPERAÇÃO DE EMBARCAÇÕES DE PESQUISA,,EMBARCAÇÕES FROTA,,ATLANTICO SUL,AS,POPA,CMA,GOVERNO (LEME),PP,,,,,,,,,
Transporte Marítmo,,OPERAÇÃO DE EMBARCAÇÕES DE PESQUISA,,EMBARCAÇÕES FROTA,,ATLANTICO SUL,AS,POPA,CMA,GOVERNO (LEME),PP,,,,,,,,,
Transporte Marítmo,,OPERAÇÃO DE EMBARCAÇÕES DE PESQUISA,,EMBARCAÇÕES FROTA,,ATLANTICO SUL,AS,POPA,CMA,GOVERNO (LEME),PP,,,,,,,,,
Transporte Marítmo,,OPERAÇÃO DE EMBARCAÇÕES DE PESQUISA,,EMBARCAÇÕES FROTA,,ATLANTICO SUL,AS,POPA,CMA,GOVERNO (LEME),PP,,,,,,,,,
Transporte Marítmo,,OPERAÇÃO DE EMBARCAÇÕES DE PESQUISA,,EMBARCAÇÕES FROTA,,ATLANTICO SUL,AS,POPA,CMA,GOVERNO (LEME),PP,,,,,,,,,
Transporte Marítmo,,OPERAÇÃO DE EMBARCAÇÕES DE PESQUISA,,EMBARCAÇÕES FROTA,,ATLANTICO SUL,AS,POPA,CMA,GOVERNO (LEME),PP,,,,,,,,,
Transporte Marítmo,,OPERAÇÃO DE EMBARCAÇÕES DE PESQUISA,,EMBARCAÇÕES FROTA,,ATLANTICO SUL,AS,POPA,CMA,GOVERNO (LEME),PP,,,,,,,,,
Transporte Marítmo,,OPERAÇÃO DE EMBARCAÇÕES DE PESQUISA,,EMBARCAÇÕES FROTA,,ATLANTICO SUL,AS,POPA,CMA,AMARRACAO,PP,Guinchos,WI,Guincho elétrico,,,,,,
Transporte Marítmo,,OPERAÇÃO DE EMBARCAÇÕES DE PESQUISA,,EMBARCAÇÕES FROTA,,ATLANTICO SUL,AS,POPA,CMA,AMARRACAO,PP,Guinchos,WI,Guincho hidráulico,,,,,,
Transporte Marítmo,,OPERAÇÃO DE EMBARCAÇÕES DE PESQUISA,,EMBARCAÇÕES FROTA,,ATLANTICO SUL,AS,POPA,CMA,ILUMINACAO NAVEGACAO,PP,Cabos de energia e terminações (topside/terrestre),PC,,,,,,,
Transporte Marítmo,,OPERAÇÃO DE EMBARCAÇÕES DE PESQUISA,,EMBARCAÇÕES FROTA,,ATLANTICO SUL,AS,BOMBORDO,CMA,COMBUSTIVEL,PP,Tubulação,PI,Coalescedor,,,,,,
Transporte Marítmo,,OPERAÇÃO DE EMBARCAÇÕES DE PESQUISA,,EMBARCAÇÕES FROTA,,ATLANTICO SUL,AS,BOMBORDO,CMA,COMBUSTIVEL,PP,Tubulação,PI,Turbinas a vapor,,,,,,
Transporte Marítmo,,OPERAÇÃO DE EMBARCAÇÕES DE PESQUISA,,EMBARCAÇÕES FROTA,,ATLANTICO SUL,AS,BOMBORDO,CMA,COMBUSTIVEL,PP,Tubulação,PI,Aços de baixa liga alta resistência,,,,,,
Transporte Marítmo,,OPERAÇÃO DE EMBARCAÇÕES DE PESQUISA,,EMBARCAÇÕES FROTA,,ATLANTICO SUL,AS,BOMBORDO,CMA,COMBUSTIVEL,PP,Tubulação,PI,Titânio,,,,,,
Transporte Marítmo,,OPERAÇÃO DE EMBARCAÇÕES DE PESQUISA,,EMBARCAÇÕES FROTA,,ATLANTICO SUL,AS,BOMBORDO,CMA,COMBUSTIVEL,PP,Tubulação,PI,Polímeros incluindo reforçados com fibras,,,,,,
Transporte Marítmo,,OPERAÇÃO DE EMBARCAÇÕES DE PESQUISA,,EMBARCAÇÕES FROTA,,ATLANTICO SUL,AS,BOMBORDO,CMA,COMBUSTIVEL,PP,Tanques de armazenamento,TA,Teto fixo,,,,,,
Transporte Marítmo,,OPERAÇÃO DE EMBARCAÇÕES DE PESQUISA,,EMBARCAÇÕES FROTA,,ATLANTICO SUL,AS,BOMBORDO,CMA,COMBUSTIVEL,PP,Tanques de armazenamento,TA,Teto móvel,,,,,,
Transporte Marítmo,,OPERAÇÃO DE EMBARCAÇÕES DE PESQUISA,,EMBARCAÇÕES FROTA,,ATLANTICO SUL,AS,BOMBORDO,CMA,COMBUSTIVEL,PP,Tanques de armazenamento,TA,Tubo duplo,,,,,,
Transporte Marítmo,,OPERAÇÃO DE EMBARCAÇÕES DE PESQUISA,,EMBARCAÇÕES FROTA,,ATLANTICO SUL,AS,BOMBORDO,CMA,COMBUSTIVEL,PP,Tanques de armazenamento,TA,Teto flutuante externo,,,,,,
Transporte Marítmo,,OPERAÇÃO DE EMBARCAÇÕES DE PESQUISA,,EMBARCAÇÕES FROTA,,ATLANTICO SUL,AS,BOMBORDO,CMA,COMBUSTIVEL,PP,Tanques de armazenamento,TA,Sem teto,,,,,,
Transporte Marítmo,,OPERAÇÃO DE EMBARCAÇÕES DE PESQUISA,,EMBARCAÇÕES FROTA,,ATLANTICO SUL,AS,BOMBORDO,CMA,COMBUSTIVEL,PP,Tanques de armazenamento,TA,Teto fixo com teto flutuante interno,,,,,,
Transporte Marítmo,,OPERAÇÃO DE EMBARCAÇÕES DE PESQUISA,,EMBARCAÇÕES FROTA,,ATLANTICO SUL,AS,BOMBORDO,CMA,LASTRO,PP,,,,,,,,,
Transporte Marítmo,,OPERAÇÃO DE EMBARCAÇÕES DE PESQUISA,,EMBARCAÇÕES FROTA,,ATLANTICO SUL,AS,BOMBORDO,CMA,LASTRO,PP,,,,,,,,,
Transporte Marítmo,,OPERAÇÃO DE EMBARCAÇÕES DE PESQUISA,,EMBARCAÇÕES FROTA,,ATLANTICO SUL,AS,BOMBORDO,CMA,LASTRO,PP,,,,,,,,,
Transporte Marítmo,,OPERAÇÃO DE EMBARCAÇÕES DE PESQUISA,,EMBARCAÇÕES FROTA,,ATLANTICO SUL,AS,BOMBORDO,CMA,LASTRO,PP,,,,,,,,,
Transporte Marítmo,,OPERAÇÃO DE EMBARCAÇÕES DE PESQUISA,,EMBARCAÇÕES FROTA,,ATLANTICO SUL,AS,BOMBORDO,CMA,LASTRO,PP,,,,,,,,,
Transporte Marítmo,,OPERAÇÃO DE EMBARCAÇÕES DE PESQUISA,,EMBARCAÇÕES FROTA,,ATLANTICO SUL,AS,BOMBORDO,CMA,LASTRO,PP,,,,,,,,,
Transporte Marítmo,,OPERAÇÃO DE EMBARCAÇÕES DE PESQUISA,,EMBARCAÇÕES FROTA,,ATLANTICO SUL,AS,BOMBORDO,CMA,LASTRO,PP,,,,,,,,,
Transporte Marítmo,,OPERAÇÃO DE EMBARCAÇÕES DE PESQUISA,,EMBARCAÇÕES FROTA,,ATLANTICO SUL,AS,BOMBORDO,CMA,LASTRO,PP,,,,,,,,,
Transporte Marítmo,,OPERAÇÃO DE EMBARCAÇÕES DE PESQUISA,,EMBARCAÇÕES FROTA,,ATLANTICO SUL,AS,BOMBORDO,CMA,LASTRO,PP,,,,,,,,,
Transporte Marítmo,,OPERAÇÃO DE EMBARCAÇÕES DE PESQUISA,,EMBARCAÇÕES FROTA,,ATLANTICO SUL,AS,BOMBORDO,CMA,LASTRO,PP,,,,,,,,,
Transporte Marítmo,,OPERAÇÃO DE EMBARCAÇÕES DE PESQUISA,,EMBARCAÇÕES FROTA,,ATLANTICO SUL,AS,BOMBORDO,CMA,LASTRO,PP,,VE,Stripper,,,,,,
Transporte Marítmo,,OPERAÇÃO DE EMBARCAÇÕES DE PESQUISA,,EMBARCAÇÕES FROTA,,ATLANTICO SUL,AS,BOMBORDO,CMA,LASTRO,PP,,,,,,,,,
Transporte Marítmo,,OPERAÇÃO DE EMBARCAÇÕES DE PESQUISA,,EMBARCAÇÕES FROTA,,ATLANTICO SUL,AS,BOMBORDO,CMA,LASTRO,PP,,,,,,,,,
Transporte Marítmo,,OPERAÇÃO DE EMBARCAÇÕES DE PESQUISA,,EMBARCAÇÕES FROTA,,ATLANTICO SUL,AS,BOMBORDO,CMA,LASTRO,PP,,,,,,,,,
Transporte Marítmo,,OPERAÇÃO DE EMBARCAÇÕES DE PESQUISA,,EMBARCAÇÕES FROTA,,ATLANTICO SUL,AS,BOMBORDO,CMA,DRENAGEM,PP,Tubulação,PI,Coalescedor,,,,,,
Transporte Marítmo,,OPERAÇÃO DE EMBARCAÇÕES DE PESQUISA,,EMBARCAÇÕES FROTA,,ATLANTICO SUL,AS,BOMBORDO,CMA,DRENAGEM,PP,Tubulação,PI,Turbinas a vapor,,,,,,
Transporte Marítmo,,OPERAÇÃO DE EMBARCAÇÕES DE PESQUISA,,EMBARCAÇÕES FROTA,,ATLANTICO SUL,AS,BOMBORDO,CMA,DRENAGEM,PP,Tubulação,PI,Aços de baixa liga alta resistência,,,,,,
Transporte Marítmo,,OPERAÇÃO DE EMBARCAÇÕES DE PESQUISA,,EMBARCAÇÕES FROTA,,ATLANTICO SUL,AS,BOMBORDO,CMA,DRENAGEM,PP,Tubulação,PI,Titânio,,,,,,
Transporte Marítmo,,OPERAÇÃO DE EMBARCAÇÕES DE PESQUISA,,EMBARCAÇÕES FROTA,,ATLANTICO SUL,AS,BOMBORDO,CMA,DRENAGEM,PP,Tubulação,PI,Polímeros incluindo reforçados com fibras,,,,,,
Transporte Marítmo,,OPERAÇÃO DE EMBARCAÇÕES DE PESQUISA,,EMBARCAÇÕES FROTA,,ATLANTICO SUL,AS,BOMBORDO,CMA,DRENAGEM,PP,Bomba,PU,Centrífugo,,Vertical Monoestágio,,,,
Transporte Marítmo,,OPERAÇÃO DE EMBARCAÇÕES DE PESQUISA,,EMBARCAÇÕES FROTA,,ATLANTICO SUL,AS,BOMBORDO,CMA,DRENAGEM,PP,Bomba,PU,Centrífugo,,Vertical Multiestágio,,,,
Transporte Marítmo,,OPERAÇÃO DE EMBARCAÇÕES DE PESQUISA,,EMBARCAÇÕES FROTA,,ATLANTICO SUL,AS,BOMBORDO,CMA,DRENAGEM,PP,Bomba,PU,Centrífugo,,Horizontal Monoestágio,,,,
Transporte Marítmo,,OPERAÇÃO DE EMBARCAÇÕES DE PESQUISA,,EMBARCAÇÕES FROTA,,ATLANTICO SUL,AS,BOMBORDO,CMA,DRENAGEM,PP,Bomba,PU,Centrífugo,,Horizontal Multiestágio,,,,
Transporte Marítmo,,OPERAÇÃO DE EMBARCAÇÕES DE PESQUISA,,EMBARCAÇÕES FROTA,,ATLANTICO SUL,AS,BOMBORDO,CMA,DRENAGEM,PP,Bomba,PU,Centrífugo,,Submersa Monoestágio,,,,
Transporte Marítmo,,OPERAÇÃO DE EMBARCAÇÕES DE PESQUISA,,EMBARCAÇÕES FROTA,,ATLANTICO SUL,AS,BOMBORDO,CMA,DRENAGEM,PP,Bomba,PU,Centrífugo,,Submersa Multiestágio,,,,
Transporte Marítmo,,OPERAÇÃO DE EMBARCAÇÕES DE PESQUISA,,EMBARCAÇÕES FROTA,,ATLANTICO SUL,AS,BOMBORDO,CMA,DRENAGEM,PP,Bomba,PU,Recíproco,,Pistão,,,,
Transporte Marítmo,,OPERAÇÃO DE EMBARCAÇÕES DE PESQUISA,,EMBARCAÇÕES FROTA,,ATLANTICO SUL,AS,BOMBORDO,CMA,DRENAGEM,PP,Bomba,PU,Recíproco,,Diafragma,,,,
Transporte Marítmo,,OPERAÇÃO DE EMBARCAÇÕES DE PESQUISA,,EMBARCAÇÕES FROTA,,ATLANTICO SUL,AS,BOMBORDO,CMA,DRENAGEM,PP,Bomba,PU,Recíproco,,Êmbolo,,,,
Transporte Marítmo,,OPERAÇÃO DE EMBARCAÇÕES DE PESQUISA,,EMBARCAÇÕES FROTA,,ATLANTICO SUL,AS,BOMBORDO,CMA,DRENAGEM,PP,Bomba,PU,Rotativa,,Engrenagem,,,,
Transporte Marítmo,,OPERAÇÃO DE EMBARCAÇÕES DE PESQUISA,,EMBARCAÇÕES FROTA,,ATLANTICO SUL,AS,BOMBORDO,CMA,DRENAGEM,PP,Bomba,PU,Rotativa,,Palheta,,,,
Transporte Marítmo,,OPERAÇÃO DE EMBARCAÇÕES DE PESQUISA,,EMBARCAÇÕES FROTA,,ATLANTICO SUL,AS,BOMBORDO,CMA,DRENAGEM,PP,Bomba,PU,Rotativa,,Parafuso,,,,
Transporte Marítmo,,OPERAÇÃO DE EMBARCAÇÕES DE PESQUISA,,EMBARCAÇÕES FROTA,,ATLANTICO SUL,AS,BOMBORDO,CMA,DRENAGEM,PP,Bomba,PU,Rotativa,,Lóbulos,,,,
Transporte Marítmo,,OPERAÇÃO DE EMBARCAÇÕES DE PESQUISA,,EMBARCAÇÕES FROTA,,ATLANTICO SUL,AS,BOMBORDO,CMA,DRENAGEM,PP,Bomba,PU,Rotativa,,Peristáltica,,,,
Transporte Marítmo,,OPERAÇÃO DE EMBARCAÇÕES DE PESQUISA,,EMBARCAÇÕES FROTA,,ATLANTICO SUL,AS,BOMBORDO,CMA,DRENAGEM,PP,Bomba,PU,Rotativa,,Helicoidal,,,,
Transporte Marítmo,,OPERAÇÃO DE EMBARCAÇÕES DE PESQUISA,,EMBARCAÇÕES FROTA,,ATLANTICO SUL,AS,BOMBORDO,CMA,ESTRUTURAL,PP,Tubulação,PI,Coalescedor,,,,,,
Transporte Marítmo,,OPERAÇÃO DE EMBARCAÇÕES DE PESQUISA,,EMBARCAÇÕES FROTA,,ATLANTICO SUL,AS,BOMBORDO,CMA,ESTRUTURAL,PP,Tubulação,PI,Turbinas a vapor,,,,,,
Transporte Marítmo,,OPERAÇÃO DE EMBARCAÇÕES DE PESQUISA,,EMBARCAÇÕES FROTA,,ATLANTICO SUL,AS,BOMBORDO,CMA,ESTRUTURAL,PP,Tubulação,PI,Aços de baixa liga alta resistência,,,,,,
Transporte Marítmo,,OPERAÇÃO DE EMBARCAÇÕES DE PESQUISA,,EMBARCAÇÕES FROTA,,ATLANTICO SUL,AS,BOMBORDO,CMA,ESTRUTURAL,PP,Tubulação,PI,Titânio,,,,,,
Transporte Marítmo,,OPERAÇÃO DE EMBARCAÇÕES DE PESQUISA,,EMBARCAÇÕES FROTA,,ATLANTICO SUL,AS,BOMBORDO,CMA,ESTRUTURAL,PP,Tubulação,PI,Polímeros incluindo reforçados com fibras,,,,,,
Transporte Marítmo,,OPERAÇÃO DE EMBARCAÇÕES DE PESQUISA,,EMBARCAÇÕES FROTA,,ATLANTICO SUL,AS,BORESTE,CMA,COMBUSTIVEL,PP,Tubulação,PI,Coalescedor,,,,,,
Transporte Marítmo,,OPERAÇÃO DE EMBARCAÇÕES DE PESQUISA,,EMBARCAÇÕES FROTA,,ATLANTICO SUL,AS,BORESTE,CMA,COMBUSTIVEL,PP,Tubulação,PI,Turbinas a vapor,,,,,,
Transporte Marítmo,,OPERAÇÃO DE EMBARCAÇÕES DE PESQUISA,,EMBARCAÇÕES FROTA,,ATLANTICO SUL,AS,BORESTE,CMA,COMBUSTIVEL,PP,Tubulação,PI,Aços de baixa liga alta resistência,,,,,,
Transporte Marítmo,,OPERAÇÃO DE EMBARCAÇÕES DE PESQUISA,,EMBARCAÇÕES FROTA,,ATLANTICO SUL,AS,BORESTE,CMA,COMBUSTIVEL,PP,Tubulação,PI,Titânio,,,,,,
Transporte Marítmo,,OPERAÇÃO DE EMBARCAÇÕES DE PESQUISA,,EMBARCAÇÕES FROTA,,ATLANTICO SUL,AS,BORESTE,CMA,COMBUSTIVEL,PP,Tubulação,PI,Polímeros incluindo reforçados com fibras,,,,,,
Transporte Marítmo,,OPERAÇÃO DE EMBARCAÇÕES DE PESQUISA,,EMBARCAÇÕES FROTA,,ATLANTICO SUL,AS,BORESTE,CMA,COMBUSTIVEL,PP,Tanques de armazenamento,TA,Teto fixo,,,,,,
Transporte Marítmo,,OPERAÇÃO DE EMBARCAÇÕES DE PESQUISA,,EMBARCAÇÕES FROTA,,ATLANTICO SUL,AS,BORESTE,CMA,COMBUSTIVEL,PP,Tanques de armazenamento,TA,Teto móvel,,,,,,
Transporte Marítmo,,OPERAÇÃO DE EMBARCAÇÕES DE PESQUISA,,EMBARCAÇÕES FROTA,,ATLANTICO SUL,AS,BORESTE,CMA,COMBUSTIVEL,PP,Tanques de armazenamento,TA,Tubo duplo,,,,,,
Transporte Marítmo,,OPERAÇÃO DE EMBARCAÇÕES DE PESQUISA,,EMBARCAÇÕES FROTA,,ATLANTICO SUL,AS,BORESTE,CMA,COMBUSTIVEL,PP,Tanques de armazenamento,TA,Teto flutuante externo,,,,,,
Transporte Marítmo,,OPERAÇÃO DE EMBARCAÇÕES DE PESQUISA,,EMBARCAÇÕES FROTA,,ATLANTICO SUL,AS,BORESTE,CMA,COMBUSTIVEL,PP,Tanques de armazenamento,TA,Sem teto,,,,,,
Transporte Marítmo,,OPERAÇÃO DE EMBARCAÇÕES DE PESQUISA,,EMBARCAÇÕES FROTA,,ATLANTICO SUL,AS,BORESTE,CMA,COMBUSTIVEL,PP,Tanques de armazenamento,TA,Teto fixo com teto flutuante interno,,,,,,
Transporte Marítmo,,OPERAÇÃO DE EMBARCAÇÕES DE PESQUISA,,EMBARCAÇÕES FROTA,,ATLANTICO SUL,AS,BORESTE,CMA,LASTRO,PP,,,,,,,,,
Transporte Marítmo,,OPERAÇÃO DE EMBARCAÇÕES DE PESQUISA,,EMBARCAÇÕES FROTA,,ATLANTICO SUL,AS,BORESTE,CMA,LASTRO,PP,,,,,,,,,
Transporte Marítmo,,OPERAÇÃO DE EMBARCAÇÕES DE PESQUISA,,EMBARCAÇÕES FROTA,,ATLANTICO SUL,AS,BORESTE,CMA,LASTRO,PP,,,,,,,,,
Transporte Marítmo,,OPERAÇÃO DE EMBARCAÇÕES DE PESQUISA,,EMBARCAÇÕES FROTA,,ATLANTICO SUL,AS,BORESTE,CMA,LASTRO,PP,,,,,,,,,
Transporte Marítmo,,OPERAÇÃO DE EMBARCAÇÕES DE PESQUISA,,EMBARCAÇÕES FROTA,,ATLANTICO SUL,AS,BORESTE,CMA,LASTRO,PP,,,,,,,,,
Transporte Marítmo,,OPERAÇÃO DE EMBARCAÇÕES DE PESQUISA,,EMBARCAÇÕES FROTA,,ATLANTICO SUL,AS,BORESTE,CMA,LASTRO,PP,,,,,,,,,
Transporte Marítmo,,OPERAÇÃO DE EMBARCAÇÕES DE PESQUISA,,EMBARCAÇÕES FROTA,,ATLANTICO SUL,AS,BORESTE,CMA,LASTRO,PP,,,,,,,,,
Transporte Marítmo,,OPERAÇÃO DE EMBARCAÇÕES DE PESQUISA,,EMBARCAÇÕES FROTA,,ATLANTICO SUL,AS,BORESTE,CMA,LASTRO,PP,,,,,,,,,
Transporte Marítmo,,OPERAÇÃO DE EMBARCAÇÕES DE PESQUISA,,EMBARCAÇÕES FROTA,,ATLANTICO SUL,AS,BORESTE,CMA,LASTRO,PP,,,,,,,,,
Transporte Marítmo,,OPERAÇÃO DE EMBARCAÇÕES DE PESQUISA,,EMBARCAÇÕES FROTA,,ATLANTICO SUL,AS,BORESTE,CMA,LASTRO,PP,,,,,,,,,
Transporte Marítmo,,OPERAÇÃO DE EMBARCAÇÕES DE PESQUISA,,EMBARCAÇÕES FROTA,,ATLANTICO SUL,AS,BORESTE,CMA,LASTRO,PP,,VE,Stripper,,,,,,
Transporte Marítmo,,OPERAÇÃO DE EMBARCAÇÕES DE PESQUISA,,EMBARCAÇÕES FROTA,,ATLANTICO SUL,AS,BORESTE,CMA,LASTRO,PP,,,,,,,,,
Transporte Marítmo,,OPERAÇÃO DE EMBARCAÇÕES DE PESQUISA,,EMBARCAÇÕES FROTA,,ATLANTICO SUL,AS,BORESTE,CMA,LASTRO,PP,,,,,,,,,
Transporte Marítmo,,OPERAÇÃO DE EMBARCAÇÕES DE PESQUISA,,EMBARCAÇÕES FROTA,,ATLANTICO SUL,AS,BORESTE,CMA,LASTRO,PP,,,,,,,,,
Transporte Marítmo,,OPERAÇÃO DE EMBARCAÇÕES DE PESQUISA,,EMBARCAÇÕES FROTA,,ATLANTICO SUL,AS,BORESTE,CMA,DRENAGEM,PP,Tubulação,PI,Coalescedor,,,,,,
Transporte Marítmo,,OPERAÇÃO DE EMBARCAÇÕES DE PESQUISA,,EMBARCAÇÕES FROTA,,ATLANTICO SUL,AS,BORESTE,CMA,DRENAGEM,PP,Tubulação,PI,Turbinas a vapor,,,,,,
Transporte Marítmo,,OPERAÇÃO DE EMBARCAÇÕES DE PESQUISA,,EMBARCAÇÕES FROTA,,ATLANTICO SUL,AS,BORESTE,CMA,DRENAGEM,PP,Tubulação,PI,Aços de baixa liga alta resistência,,,,,,
Transporte Marítmo,,OPERAÇÃO DE EMBARCAÇÕES DE PESQUISA,,EMBARCAÇÕES FROTA,,ATLANTICO SUL,AS,BORESTE,CMA,DRENAGEM,PP,Tubulação,PI,Titânio,,,,,,
Transporte Marítmo,,OPERAÇÃO DE EMBARCAÇÕES DE PESQUISA,,EMBARCAÇÕES FROTA,,ATLANTICO SUL,AS,BORESTE,CMA,DRENAGEM,PP,Tubulação,PI,Polímeros incluindo reforçados com fibras,,,,,,
Transporte Marítmo,,OPERAÇÃO DE EMBARCAÇÕES DE PESQUISA,,EMBARCAÇÕES FROTA,,ATLANTICO SUL,AS,BORESTE,CMA,DRENAGEM,PP,Bomba,PU,Centrífugo,,Vertical Monoestágio,,,,
Transporte Marítmo,,OPERAÇÃO DE EMBARCAÇÕES DE PESQUISA,,EMBARCAÇÕES FROTA,,ATLANTICO SUL,AS,BORESTE,CMA,DRENAGEM,PP,Bomba,PU,Centrífugo,,Vertical Multiestágio,,,,
Transporte Marítmo,,OPERAÇÃO DE EMBARCAÇÕES DE PESQUISA,,EMBARCAÇÕES FROTA,,ATLANTICO SUL,AS,BORESTE,CMA,DRENAGEM,PP,Bomba,PU,Centrífugo,,Horizontal Monoestágio,,,,
Transporte Marítmo,,OPERAÇÃO DE EMBARCAÇÕES DE PESQUISA,,EMBARCAÇÕES FROTA,,ATLANTICO SUL,AS,BORESTE,CMA,DRENAGEM,PP,Bomba,PU,Centrífugo,,Horizontal Multiestágio,,,,
Transporte Marítmo,,OPERAÇÃO DE EMBARCAÇÕES DE PESQUISA,,EMBARCAÇÕES FROTA,,ATLANTICO SUL,AS,BORESTE,CMA,DRENAGEM,PP,Bomba,PU,Centrífugo,,Submersa Monoestágio,,,,
Transporte Marítmo,,OPERAÇÃO DE EMBARCAÇÕES DE PESQUISA,,EMBARCAÇÕES FROTA,,ATLANTICO SUL,AS,BORESTE,CMA,DRENAGEM,PP,Bomba,PU,Centrífugo,,Submersa Multiestágio,,,,
Transporte Marítmo,,OPERAÇÃO DE EMBARCAÇÕES DE PESQUISA,,EMBARCAÇÕES FROTA,,ATLANTICO SUL,AS,BORESTE,CMA,DRENAGEM,PP,Bomba,PU,Recíproco,,Pistão,,,,
Transporte Marítmo,,OPERAÇÃO DE EMBARCAÇÕES DE PESQUISA,,EMBARCAÇÕES FROTA,,ATLANTICO SUL,AS,BORESTE,CMA,DRENAGEM,PP,Bomba,PU,Recíproco,,Diafragma,,,,
Transporte Marítmo,,OPERAÇÃO DE EMBARCAÇÕES DE PESQUISA,,EMBARCAÇÕES FROTA,,ATLANTICO SUL,AS,BORESTE,CMA,DRENAGEM,PP,Bomba,PU,Recíproco,,Êmbolo,,,,
Transporte Marítmo,,OPERAÇÃO DE EMBARCAÇÕES DE PESQUISA,,EMBARCAÇÕES FROTA,,ATLANTICO SUL,AS,BORESTE,CMA,DRENAGEM,PP,Bomba,PU,Rotativa,,Engrenagem,,,,
Transporte Marítmo,,OPERAÇÃO DE EMBARCAÇÕES DE PESQUISA,,EMBARCAÇÕES FROTA,,ATLANTICO SUL,AS,BORESTE,CMA,DRENAGEM,PP,Bomba,PU,Rotativa,,Palheta,,,,
Transporte Marítmo,,OPERAÇÃO DE EMBARCAÇÕES DE PESQUISA,,EMBARCAÇÕES FROTA,,ATLANTICO SUL,AS,BORESTE,CMA,DRENAGEM,PP,Bomba,PU,Rotativa,,Parafuso,,,,
Transporte Marítmo,,OPERAÇÃO DE EMBARCAÇÕES DE PESQUISA,,EMBARCAÇÕES FROTA,,ATLANTICO SUL,AS,BORESTE,CMA,DRENAGEM,PP,Bomba,PU,Rotativa,,Lóbulos,,,,
Transporte Marítmo,,OPERAÇÃO DE EMBARCAÇÕES DE PESQUISA,,EMBARCAÇÕES FROTA,,ATLANTICO SUL,AS,BORESTE,CMA,DRENAGEM,PP,Bomba,PU,Rotativa,,Peristáltica,,,,
Transporte Marítmo,,OPERAÇÃO DE EMBARCAÇÕES DE PESQUISA,,EMBARCAÇÕES FROTA,,ATLANTICO SUL,AS,BORESTE,CMA,DRENAGEM,PP,Bomba,PU,Rotativa,,Helicoidal,,,,
Transporte Marítmo,,OPERAÇÃO DE EMBARCAÇÕES DE PESQUISA,,EMBARCAÇÕES FROTA,,ATLANTICO SUL,AS,BORESTE,CMA,ESTRUTURAL,PP,Tubulação,PI,Coalescedor,,,,,,
Transporte Marítmo,,OPERAÇÃO DE EMBARCAÇÕES DE PESQUISA,,EMBARCAÇÕES FROTA,,ATLANTICO SUL,AS,BORESTE,CMA,ESTRUTURAL,PP,Tubulação,PI,Turbinas a vapor,,,,,,
Transporte Marítmo,,OPERAÇÃO DE EMBARCAÇÕES DE PESQUISA,,EMBARCAÇÕES FROTA,,ATLANTICO SUL,AS,BORESTE,CMA,ESTRUTURAL,PP,Tubulação,PI,Aços de baixa liga alta resistência,,,,,,
Transporte Marítmo,,OPERAÇÃO DE EMBARCAÇÕES DE PESQUISA,,EMBARCAÇÕES FROTA,,ATLANTICO SUL,AS,BORESTE,CMA,ESTRUTURAL,PP,Tubulação,PI,Titânio,,,,,,
Transporte Marítmo,,OPERAÇÃO DE EMBARCAÇÕES DE PESQUISA,,EMBARCAÇÕES FROTA,,ATLANTICO SUL,AS,BORESTE,CMA,ESTRUTURAL,PP,Tubulação,PI,Polímeros incluindo reforçados com fibras,,,,,,